--
-- PostgreSQL database dump
--

-- Dumped from database version 11.3 (Ubuntu 11.3-1.pgdg18.04+1)
-- Dumped by pg_dump version 11.3 (Ubuntu 11.3-1.pgdg18.04+1)

-- Started on 2019-05-25 19:32:36 +07

SET statement_timeout = 0;
SET lock_timeout = 0;
SET idle_in_transaction_session_timeout = 0;
SET client_encoding = 'UTF8';
SET standard_conforming_strings = on;
SELECT pg_catalog.set_config('search_path', '', false);
SET check_function_bodies = false;
SET xmloption = content;
SET client_min_messages = warning;
SET row_security = off;

SET default_tablespace = '';

SET default_with_oids = false;

--
-- TOC entry 196 (class 1259 OID 16387)
-- Name: director; Type: TABLE; Schema: public; Owner: postgres
--

CREATE TABLE public.director (
    movie_title text,
    director text
);


ALTER TABLE public.director OWNER TO postgres;

--
-- TOC entry 197 (class 1259 OID 16393)
-- Name: disney_char; Type: TABLE; Schema: public; Owner: postgres
--

CREATE TABLE public.disney_char (
    movie_title text,
    release_date date,
    hero text,
    villian text,
    song text
);


ALTER TABLE public.disney_char OWNER TO postgres;

--
-- TOC entry 198 (class 1259 OID 16399)
-- Name: movie_gross; Type: TABLE; Schema: public; Owner: postgres
--

CREATE TABLE public.movie_gross (
    movie_title text,
    release_date date,
    genre text,
    mpaa_rating text,
    total_gross bigint,
    inflation_adjusted_gross bigint
);


ALTER TABLE public.movie_gross OWNER TO postgres;

--
-- TOC entry 199 (class 1259 OID 16405)
-- Name: revenue; Type: TABLE; Schema: public; Owner: postgres
--

CREATE TABLE public.revenue (
    year bigint,
    studio_entertainment double precision,
    disney_consumer_products double precision,
    disney_interactive double precision,
    walt_disney_parks_and_resorts double precision,
    disney_media_networks double precision,
    total bigint
);


ALTER TABLE public.revenue OWNER TO postgres;

--
-- TOC entry 200 (class 1259 OID 16408)
-- Name: voice_actor; Type: TABLE; Schema: public; Owner: postgres
--

CREATE TABLE public.voice_actor (
    "character" text,
    voice_actor text,
    movie_title text
);


ALTER TABLE public.voice_actor OWNER TO postgres;

--
-- TOC entry 3072 (class 0 OID 16387)
-- Dependencies: 196
-- Data for Name: director; Type: TABLE DATA; Schema: public; Owner: postgres
--

INSERT INTO public.director VALUES ('Snow White and the Seven Dwarfs', 'David Hand');
INSERT INTO public.director VALUES ('Pinocchio', 'Ben Sharpsteen');
INSERT INTO public.director VALUES ('Fantasia', 'full credits');
INSERT INTO public.director VALUES ('Dumbo', 'Ben Sharpsteen');
INSERT INTO public.director VALUES ('Bambi', 'David Hand');
INSERT INTO public.director VALUES ('Saludos Amigos', 'Jack Kinney');
INSERT INTO public.director VALUES ('The Three Caballeros', 'Norman Ferguson');
INSERT INTO public.director VALUES ('Make Mine Music', 'Jack Kinney');
INSERT INTO public.director VALUES ('Fun and Fancy Free', 'Jack Kinney');
INSERT INTO public.director VALUES ('Melody Time', 'Clyde Geronimi');
INSERT INTO public.director VALUES ('The Adventures of Ichabod and Mr. Toad', 'Jack Kinney');
INSERT INTO public.director VALUES ('Cinderella', 'Wilfred Jackson');
INSERT INTO public.director VALUES ('Alice in Wonderland', 'Clyde Geronimi');
INSERT INTO public.director VALUES ('Peter Pan', 'Hamilton Luske');
INSERT INTO public.director VALUES ('Lady and the Tramp', 'Hamilton Luske');
INSERT INTO public.director VALUES ('Sleeping Beauty', 'Clyde Geronimi');
INSERT INTO public.director VALUES ('101 Dalmatians', 'Wolfgang Reitherman');
INSERT INTO public.director VALUES ('The Sword in the Stone', 'Wolfgang Reitherman');
INSERT INTO public.director VALUES ('The Jungle Book', 'Wolfgang Reitherman');
INSERT INTO public.director VALUES ('The Aristocats', 'Wolfgang Reitherman');
INSERT INTO public.director VALUES ('Robin Hood', 'Wolfgang Reitherman');
INSERT INTO public.director VALUES ('The Many Adventures of Winnie the Pooh', 'Wolfgang Reitherman');
INSERT INTO public.director VALUES ('The Rescuers', 'Wolfgang Reitherman');
INSERT INTO public.director VALUES ('The Fox and the Hound', 'Art Stevens');
INSERT INTO public.director VALUES ('The Black Cauldron', 'Ted Berman');
INSERT INTO public.director VALUES ('The Great Mouse Detective', 'Ron Clements');
INSERT INTO public.director VALUES ('Oliver & Company', 'George Scribner');
INSERT INTO public.director VALUES ('The Little Mermaid', 'Ron Clements');
INSERT INTO public.director VALUES ('The Rescuers Down Under', 'Mike Gabriel');
INSERT INTO public.director VALUES ('Beauty and the Beast', 'Gary Trousdale');
INSERT INTO public.director VALUES ('Aladdin', 'Ron Clements');
INSERT INTO public.director VALUES ('The Lion King', 'Roger Allers');
INSERT INTO public.director VALUES ('Pocahontas', 'Mike Gabriel');
INSERT INTO public.director VALUES ('The Hunchback of Notre Dame', 'Gary Trousdale');
INSERT INTO public.director VALUES ('Hercules', 'Ron Clements');
INSERT INTO public.director VALUES ('Mulan', 'Barry Cook');
INSERT INTO public.director VALUES ('Tarzan', 'Chris Buck');
INSERT INTO public.director VALUES ('Fantasia 2000', 'full credits');
INSERT INTO public.director VALUES ('Dinosaur', 'Ralph Zondag');
INSERT INTO public.director VALUES ('The Emperor''s New Groove', 'Mark Dindal');
INSERT INTO public.director VALUES ('Atlantis: The Lost Empire', 'Gary Trousdale');
INSERT INTO public.director VALUES ('Lilo & Stitch', 'Chris Sanders');
INSERT INTO public.director VALUES ('Treasure Planet', 'Ron Clements');
INSERT INTO public.director VALUES ('Brother Bear', 'Robert Walker');
INSERT INTO public.director VALUES ('Home on the Range', 'Will Finn');
INSERT INTO public.director VALUES ('Chicken Little', 'Mark Dindal');
INSERT INTO public.director VALUES ('Meet the Robinsons', 'Stephen J. Anderson');
INSERT INTO public.director VALUES ('Bolt', 'Chris Williams');
INSERT INTO public.director VALUES ('The Princess and the Frog', 'Ron Clements');
INSERT INTO public.director VALUES ('Tangled', 'Nathan Greno');
INSERT INTO public.director VALUES ('Winnie the Pooh', 'Stephen J. Anderson');
INSERT INTO public.director VALUES ('Wreck-It Ralph', 'Rich Moore');
INSERT INTO public.director VALUES ('Frozen', 'Chris Buck');
INSERT INTO public.director VALUES ('Big Hero 6', 'Don Hall');
INSERT INTO public.director VALUES ('Zootopia', 'Byron Howard');
INSERT INTO public.director VALUES ('Moana', 'Ron Clements');


--
-- TOC entry 3073 (class 0 OID 16393)
-- Dependencies: 197
-- Data for Name: disney_char; Type: TABLE DATA; Schema: public; Owner: postgres
--

INSERT INTO public.disney_char VALUES ('Snow White and the Seven Dwarfs', '1937-12-21', 'Snow White', 'Evil Queen', 'Some Day My Prince Will Come');
INSERT INTO public.disney_char VALUES ('Pinocchio', '1940-02-07', 'Pinocchio', 'Stromboli', 'When You Wish upon a Star');
INSERT INTO public.disney_char VALUES ('Fantasia', '1940-11-13', NULL, 'Chernabog', NULL);
INSERT INTO public.disney_char VALUES ('Dumbo', '1941-10-23', 'Dumbo', 'Ringmaster', 'Baby Mine');
INSERT INTO public.disney_char VALUES ('Bambi', '1942-08-13', 'Bambi', 'Hunter', 'Love Is a Song');
INSERT INTO public.disney_char VALUES ('Saludos Amigos', '1943-02-06', 'Donald Duck', NULL, 'Saludos Amigos');
INSERT INTO public.disney_char VALUES ('The Three Caballeros', '1945-02-03', 'Donald Duck', NULL, NULL);
INSERT INTO public.disney_char VALUES ('Make Mine Music', '1946-04-20', NULL, NULL, NULL);
INSERT INTO public.disney_char VALUES ('Fun and Fancy Free', '1947-09-27', 'Mickey Mouse', 'Willie the Giant', NULL);
INSERT INTO public.disney_char VALUES ('Melody Time', '1948-05-27', NULL, NULL, 'Little Toot');
INSERT INTO public.disney_char VALUES ('The Adventures of Ichabod and Mr. Toad', '1949-10-05', 'Mr. Toad and Ichabod Crane', 'Mr. Winkie and The Headless Horseman', 'The Merrily Song');
INSERT INTO public.disney_char VALUES ('Cinderella', '1950-02-15', 'Cinderella', 'Lady Tremaine', 'Bibbidi-Bobbidi-Boo');
INSERT INTO public.disney_char VALUES ('Alice in Wonderland', '1951-07-28', 'Alice', 'Queen of Hearts', 'The Unbirthday Song');
INSERT INTO public.disney_char VALUES ('Peter Pan', '1953-02-05', 'Peter Pan', 'Captain Hook', 'You Can Fly!');
INSERT INTO public.disney_char VALUES ('Lady and the Tramp', '1955-06-22', 'Lady and Tramp', 'Si and Am', 'Bella Notte');
INSERT INTO public.disney_char VALUES ('Sleeping Beauty', '1959-01-29', 'Aurora', 'Maleficent', 'Once Upon a Dream');
INSERT INTO public.disney_char VALUES ('One Hundred and One Dalmatians', '1961-01-25', 'Pongo', 'Cruella de Vil', 'Cruella De Vil');
INSERT INTO public.disney_char VALUES ('The Sword in the Stone', '1963-12-25', 'Arthur', 'Madam Mim', 'Higitus Figitus');
INSERT INTO public.disney_char VALUES ('The Jungle Book', '1967-10-18', 'Mowgli', 'Kaa and Shere Khan', 'The Bare Necessities');
INSERT INTO public.disney_char VALUES ('The Aristocats', '1970-12-24', 'Thomas and Duchess', 'Edgar Balthazar', 'Ev''rybody Wants to Be a Cat');
INSERT INTO public.disney_char VALUES ('Robin Hood', '1973-11-08', 'Robin Hood', 'Prince John', 'Oo De Lally');
INSERT INTO public.disney_char VALUES ('The Many Adventures of Winnie the Pooh', '1977-03-11', 'Winnie the Pooh', NULL, 'Winnie the Pooh');
INSERT INTO public.disney_char VALUES ('The Rescuers', '1977-06-22', 'Bernard and Miss Bianca', 'Madame Medusa', 'The Journey');
INSERT INTO public.disney_char VALUES ('The Fox and the Hound', '1981-07-10', 'Tod and Copper', 'Amos Slade', 'Best of Friends');
INSERT INTO public.disney_char VALUES ('The Black Cauldron', '1985-07-24', 'Taran', 'Horned King', NULL);
INSERT INTO public.disney_char VALUES ('The Great Mouse Detective', '1986-07-02', 'Basil', 'Professor Ratigan', 'The World''s Greatest Criminal Mind');
INSERT INTO public.disney_char VALUES ('Oliver & Company', '1988-11-18', 'Oliver', 'Sykes', 'Once Upon a Time in New York City');
INSERT INTO public.disney_char VALUES ('The Little Mermaid', '1989-11-17', 'Ariel', 'Ursula', 'Under the Sea');
INSERT INTO public.disney_char VALUES ('The Rescuers Down Under', '1990-11-16', 'Bernard and Miss Bianca', 'Percival C. McLeach', '');
INSERT INTO public.disney_char VALUES ('Beauty and the Beast', '1991-11-22', 'Belle', 'Gaston', 'Be Our Guest');
INSERT INTO public.disney_char VALUES ('Aladdin', '1992-11-25', 'Aladdin', 'Jafar', 'A Whole New World');
INSERT INTO public.disney_char VALUES ('The Lion King', '1994-06-24', 'Simba', 'Scar', 'Circle of Life');
INSERT INTO public.disney_char VALUES ('Pocahontas', '1995-06-23', 'Pocahontas', 'Governor Ratcliffe', 'Colors of the Wind');
INSERT INTO public.disney_char VALUES ('The Hunchback of Notre Dame', '1996-06-21', 'Quasimodo', 'Claude Frollo', 'God Help the Outcasts');
INSERT INTO public.disney_char VALUES ('Hercules', '1997-06-27', 'Hercules', 'Hades', 'Go the Distance');
INSERT INTO public.disney_char VALUES ('Mulan', '1998-06-19', 'Mulan', 'Shan Yu', 'I''ll Make a Man Out of You');
INSERT INTO public.disney_char VALUES ('Tarzan', '1999-06-18', 'Tarzan', 'Clayton', 'You''ll Be in My Heart');
INSERT INTO public.disney_char VALUES ('Fantasia 2000', '1999-12-17', NULL, NULL, NULL);
INSERT INTO public.disney_char VALUES ('Dinosaur', '2000-05-19', 'Aladar', 'Kron', NULL);
INSERT INTO public.disney_char VALUES ('The Emperor''s New Groove', '2000-12-15', 'Kuzco', 'Yzma', 'My Funny Friend and Me');
INSERT INTO public.disney_char VALUES ('Atlantis: The Lost Empire', '2001-06-15', 'Milo Thatch', 'Commander Rourke', 'Where the Dream Takes You');
INSERT INTO public.disney_char VALUES ('Lilo & Stitch', '2002-06-21', 'Lilo and Stitch', NULL, 'He Mele No Lilo');
INSERT INTO public.disney_char VALUES ('Treasure Planet', '2002-11-27', 'Jim Hawkins', 'John Silver', 'I''m Still Here');
INSERT INTO public.disney_char VALUES ('Brother Bear', '2003-11-01', 'Kenai', 'Denahi', 'Look Through My Eyes');
INSERT INTO public.disney_char VALUES ('Home on the Range', '2004-04-02', 'Maggie', 'Alameda Slim', NULL);
INSERT INTO public.disney_char VALUES ('Chicken Little', '2005-11-04', 'Ace Cluck', 'Foxy Loxy', NULL);
INSERT INTO public.disney_char VALUES ('Meet the Robinsons', '2007-03-30', 'Lewis', 'Doris', 'Little Wonders');
INSERT INTO public.disney_char VALUES ('Bolt', '2008-11-21', 'Bolt', 'Dr. Calico', 'I Thought I Lost You');
INSERT INTO public.disney_char VALUES ('The Princess and the Frog', '2009-12-11', 'Tiana', 'Dr. Facilier', 'Almost There');
INSERT INTO public.disney_char VALUES ('Tangled', '2010-11-24', 'Rapunzel', 'Mother Gothel', 'I See the Light');
INSERT INTO public.disney_char VALUES ('Winnie the Pooh', '2011-07-15', 'Winnie the Pooh', NULL, 'Winnie the Pooh');
INSERT INTO public.disney_char VALUES ('Wreck-It Ralph', '2012-11-02', 'Ralph', 'Turbo', 'Sugar Rush');
INSERT INTO public.disney_char VALUES ('Frozen', '2013-11-27', 'Elsa', 'Prince Hans', 'Let It Go');
INSERT INTO public.disney_char VALUES ('Big Hero 6', '2014-11-07', 'Hiro Hamada', 'Professor Callaghan', 'Immortals');
INSERT INTO public.disney_char VALUES ('Zootopia', '2016-03-04', 'Judy Hopps', NULL, 'Try Everything');
INSERT INTO public.disney_char VALUES ('Moana', '2016-11-23', 'Moana', NULL, 'How Far I''ll Go');


--
-- TOC entry 3074 (class 0 OID 16399)
-- Dependencies: 198
-- Data for Name: movie_gross; Type: TABLE DATA; Schema: public; Owner: postgres
--

INSERT INTO public.movie_gross VALUES ('Snow White and the Seven Dwarfs', '1937-12-21', 'Musical', 'G', 184925485, 5228953251);
INSERT INTO public.movie_gross VALUES ('Pinocchio', '1940-02-09', 'Adventure', 'G', 84300000, 2188229052);
INSERT INTO public.movie_gross VALUES ('Fantasia', '1940-11-13', 'Musical', 'G', 83320000, 2187090808);
INSERT INTO public.movie_gross VALUES ('Song of the South', '1946-11-12', 'Adventure', 'G', 65000000, 1078510579);
INSERT INTO public.movie_gross VALUES ('Cinderella', '1950-02-15', 'Drama', 'G', 85000000, 920608730);
INSERT INTO public.movie_gross VALUES ('20,000 Leagues Under the Sea', '1954-12-23', 'Adventure', NULL, 28200000, 528279994);
INSERT INTO public.movie_gross VALUES ('Lady and the Tramp', '1955-06-22', 'Drama', 'G', 93600000, 1236035515);
INSERT INTO public.movie_gross VALUES ('Sleeping Beauty', '1959-01-29', 'Drama', NULL, 9464608, 21505832);
INSERT INTO public.movie_gross VALUES ('101 Dalmatians', '1961-01-25', 'Comedy', 'G', 153000000, 1362870985);
INSERT INTO public.movie_gross VALUES ('The Absent Minded Professor', '1961-03-16', 'Comedy', NULL, 25381407, 310094574);
INSERT INTO public.movie_gross VALUES ('Babes in Toyland', '1961-12-14', 'Musical', 'G', 10218316, 124841160);
INSERT INTO public.movie_gross VALUES ('Bon Voyage!', '1962-05-17', 'Comedy', 'Not Rated', 9230769, 109581646);
INSERT INTO public.movie_gross VALUES ('The Sword in the Stone', '1963-12-25', 'Adventure', NULL, 22182353, 153870834);
INSERT INTO public.movie_gross VALUES ('The Jungle Book', '1967-10-18', 'Musical', 'Not Rated', 141843000, 789612346);
INSERT INTO public.movie_gross VALUES ('Blackbeard''s Ghost', '1968-02-08', 'Comedy', NULL, 21540050, 138612686);
INSERT INTO public.movie_gross VALUES ('The Aristocats', '1970-04-24', 'Musical', 'G', 55675257, 255161499);
INSERT INTO public.movie_gross VALUES ('The Boatniks', '1970-07-01', 'Comedy', NULL, 18607492, 101200742);
INSERT INTO public.movie_gross VALUES ('Bedknobs and Broomsticks', '1971-10-07', 'Musical', NULL, 17871174, 91305448);
INSERT INTO public.movie_gross VALUES ('The Apple Dumpling Gang', '1975-07-01', 'Comedy', NULL, 31916500, 131246872);
INSERT INTO public.movie_gross VALUES ('Freaky Friday', '1977-01-21', 'Comedy', NULL, 25942000, 98067733);
INSERT INTO public.movie_gross VALUES ('The Many Adventures of Winnie the Pooh', '1977-03-11', NULL, NULL, 0, 0);
INSERT INTO public.movie_gross VALUES ('The Rescuers', '1977-06-22', 'Adventure', NULL, 48775599, 159743914);
INSERT INTO public.movie_gross VALUES ('Herbie Goes to Monte Carlo', '1977-06-24', NULL, NULL, 28000000, 105847527);
INSERT INTO public.movie_gross VALUES ('The Black Hole', '1979-12-21', NULL, NULL, 35841901, 120377374);
INSERT INTO public.movie_gross VALUES ('Midnight Madness', '1980-02-08', NULL, NULL, 2900000, 9088096);
INSERT INTO public.movie_gross VALUES ('The Last Flight of Noah’s Ark', '1980-06-25', NULL, NULL, 11000000, 34472116);
INSERT INTO public.movie_gross VALUES ('The Devil and Max Devlin', '1981-01-01', NULL, NULL, 16000000, 48517980);
INSERT INTO public.movie_gross VALUES ('Amy', '1981-03-20', 'Drama', NULL, 0, 0);
INSERT INTO public.movie_gross VALUES ('The Fox and the Hound', '1981-07-10', 'Comedy', NULL, 43899231, 133118889);
INSERT INTO public.movie_gross VALUES ('Condorman', '1981-08-07', 'Action', NULL, 0, 0);
INSERT INTO public.movie_gross VALUES ('Night Crossing', '1982-02-05', 'Drama', NULL, 4500000, 12903059);
INSERT INTO public.movie_gross VALUES ('Tron', '1982-07-09', 'Action', NULL, 26918576, 77184895);
INSERT INTO public.movie_gross VALUES ('Tex', '1982-11-19', 'Drama', NULL, 7199408, 20643199);
INSERT INTO public.movie_gross VALUES ('Trenchcoat', '1983-03-11', 'Comedy', NULL, 4304286, 11519089);
INSERT INTO public.movie_gross VALUES ('Something Wicked This Way Comes', '1983-04-29', 'Horror', NULL, 5656087, 15136765);
INSERT INTO public.movie_gross VALUES ('Never Cry Wolf', '1983-10-07', 'Drama', NULL, 27668764, 70669955);
INSERT INTO public.movie_gross VALUES ('Running Brave', '1983-11-04', 'Drama', NULL, 1204595, 3223725);
INSERT INTO public.movie_gross VALUES ('Splash', '1984-03-09', 'Comedy', 'PG', 62599495, 157057661);
INSERT INTO public.movie_gross VALUES ('Country', '1984-09-29', 'Drama', NULL, 8400000, 21075000);
INSERT INTO public.movie_gross VALUES ('Baby: Secret of the Lost Legend', '1985-03-22', 'Adventure', NULL, 14276095, 33900697);
INSERT INTO public.movie_gross VALUES ('Return to Oz', '1985-06-21', 'Adventure', NULL, 10618813, 25215934);
INSERT INTO public.movie_gross VALUES ('The Black Cauldron', '1985-07-24', 'Adventure', NULL, 21288692, 50553142);
INSERT INTO public.movie_gross VALUES ('My Science Project', '1985-08-09', 'Comedy', NULL, 4100000, 9736051);
INSERT INTO public.movie_gross VALUES ('The Journey of Natty Gann', '1985-09-27', 'Drama', NULL, 9468512, 22302956);
INSERT INTO public.movie_gross VALUES ('One Magic Christmas', '1985-11-22', 'Drama', NULL, 13229514, 31415432);
INSERT INTO public.movie_gross VALUES ('Down and Out in Beverly Hills', '1986-01-31', 'Comedy', 'R', 62134225, 141183693);
INSERT INTO public.movie_gross VALUES ('Off Beat', '1986-04-11', 'Comedy', NULL, 4842778, 11003932);
INSERT INTO public.movie_gross VALUES ('Ruthless People', '1986-06-27', 'Comedy', 'R', 71624879, 162748712);
INSERT INTO public.movie_gross VALUES ('The Great Mouse Detective', '1986-07-02', 'Adventure', NULL, 23605534, 53637367);
INSERT INTO public.movie_gross VALUES ('Flight of the Navigator', '1986-07-30', 'Adventure', NULL, 18564613, 42183197);
INSERT INTO public.movie_gross VALUES ('Tough Guys', '1986-10-03', 'Comedy', NULL, 21458229, 48758184);
INSERT INTO public.movie_gross VALUES ('The Color of Money', '1986-10-17', 'Drama', 'R', 52293000, 117957323);
INSERT INTO public.movie_gross VALUES ('Outrageous Fortune', '1987-01-30', 'Comedy', 'R', 52864741, 113976921);
INSERT INTO public.movie_gross VALUES ('Tin Men', '1987-03-06', 'Comedy', NULL, 25411386, 54787202);
INSERT INTO public.movie_gross VALUES ('Ernest Goes to Camp', '1987-05-22', 'Comedy', NULL, 23509382, 50686462);
INSERT INTO public.movie_gross VALUES ('Benji the Hunted', '1987-06-05', 'Adventure', NULL, 15212539, 32798382);
INSERT INTO public.movie_gross VALUES ('Adventures in Babysitting', '1987-07-03', 'Comedy', NULL, 33790923, 72853569);
INSERT INTO public.movie_gross VALUES ('Stakeout', '1987-08-05', 'Comedy', 'R', 65673233, 141592160);
INSERT INTO public.movie_gross VALUES ('Can''t Buy Me Love', '1987-08-14', 'Romantic Comedy', NULL, 31623833, 68181300);
INSERT INTO public.movie_gross VALUES ('Hello Again', '1987-11-06', 'Comedy', NULL, 20419446, 44024529);
INSERT INTO public.movie_gross VALUES ('3 Men and a Baby', '1987-11-25', 'Comedy', 'PG', 167780960, 353334607);
INSERT INTO public.movie_gross VALUES ('Good Morning Vietnam', '1987-12-23', 'Comedy', 'R', 123922370, 254414837);
INSERT INTO public.movie_gross VALUES ('Shoot to Kill', '1988-02-12', 'Action', NULL, 29300000, 60097074);
INSERT INTO public.movie_gross VALUES ('D.O.A.', '1988-03-18', 'Thriller/Suspense', NULL, 12706478, 26062188);
INSERT INTO public.movie_gross VALUES ('Return to Snowy River', '1988-04-15', 'Adventure', 'PG', 13687027, 28073384);
INSERT INTO public.movie_gross VALUES ('Big Business', '1988-06-10', 'Comedy', 'PG', 40150487, 82352451);
INSERT INTO public.movie_gross VALUES ('Who Framed Roger Rabbit?', '1988-06-22', 'Comedy', 'PG', 154112492, 316250084);
INSERT INTO public.movie_gross VALUES ('Cocktail', '1988-07-29', 'Drama', 'R', 78222753, 160442289);
INSERT INTO public.movie_gross VALUES ('The Rescue', '1988-08-05', 'Action', NULL, 5855392, 12009960);
INSERT INTO public.movie_gross VALUES ('Heartbreak Hotel', '1988-09-30', 'Comedy', NULL, 5509417, 11300331);
INSERT INTO public.movie_gross VALUES ('The Good Mother', '1988-11-04', 'Drama', NULL, 4764606, 9772655);
INSERT INTO public.movie_gross VALUES ('Ernest Saves Christmas', '1988-11-11', 'Comedy', 'PG', 28202109, 57845202);
INSERT INTO public.movie_gross VALUES ('Oliver & Company', '1988-11-18', 'Adventure', 'G', 49576671, 102254492);
INSERT INTO public.movie_gross VALUES ('Beaches', '1988-12-21', 'Drama', 'PG-13', 57041866, 120381757);
INSERT INTO public.movie_gross VALUES ('Three Fugitives', '1989-01-27', 'Comedy', 'PG-13', 40590000, 85757817);
INSERT INTO public.movie_gross VALUES ('New York Stories', '1989-03-01', 'Drama', 'PG', 10763469, 22740861);
INSERT INTO public.movie_gross VALUES ('Disorganized Crime', '1989-04-14', 'Comedy', NULL, 7210149, 15233465);
INSERT INTO public.movie_gross VALUES ('Dead Poets Society', '1989-06-02', 'Drama', 'PG', 95860116, 202531517);
INSERT INTO public.movie_gross VALUES ('Honey, I Shrunk the Kids', '1989-06-23', 'Adventure', 'PG', 130724172, 276191669);
INSERT INTO public.movie_gross VALUES ('Turner & Hooch', '1989-07-28', 'Comedy', 'PG', 71079915, 150176361);
INSERT INTO public.movie_gross VALUES ('Cheetah', '1989-08-18', 'Adventure', NULL, 7882250, 16653473);
INSERT INTO public.movie_gross VALUES ('An Innocent Man', '1989-10-06', 'Drama', 'R', 19397847, 40983414);
INSERT INTO public.movie_gross VALUES ('Gross Anatomy', '1989-10-20', 'Drama', 'PG-13', 11346186, 23972012);
INSERT INTO public.movie_gross VALUES ('The Little Mermaid', '1989-11-15', 'Adventure', 'G', 111543479, 223726012);
INSERT INTO public.movie_gross VALUES ('Blaze', '1989-12-13', 'Drama', 'R', 19049727, 39884640);
INSERT INTO public.movie_gross VALUES ('Stella', '1990-02-02', 'Drama', 'PG-13', 20062347, 40077147);
INSERT INTO public.movie_gross VALUES ('Where the Heart Is', '1990-02-23', 'Comedy', NULL, 1106475, 2210321);
INSERT INTO public.movie_gross VALUES ('Pretty Woman', '1990-03-23', 'Romantic Comedy', 'R', 178406268, 356389765);
INSERT INTO public.movie_gross VALUES ('Ernest Goes to Jail', '1990-04-06', 'Comedy', 'PG', 25029569, 49999822);
INSERT INTO public.movie_gross VALUES ('Spaced Invaders', '1990-04-27', 'Comedy', 'PG', 15000000, 29964452);
INSERT INTO public.movie_gross VALUES ('Fire Birds', '1990-05-24', 'Action', 'PG-13', 14760451, 29485923);
INSERT INTO public.movie_gross VALUES ('Dick Tracy', '1990-06-15', 'Action', 'PG', 103738726, 207231621);
INSERT INTO public.movie_gross VALUES ('Betsy''s Wedding', '1990-06-22', 'Comedy', 'R', 19740070, 39433357);
INSERT INTO public.movie_gross VALUES ('Arachnophobia', '1990-07-18', 'Thriller/Suspense', 'PG-13', 53208180, 106290270);
INSERT INTO public.movie_gross VALUES ('DuckTales: The Movie - Treasure of th…', '1990-08-03', 'Adventure', 'G', 18075331, 36107823);
INSERT INTO public.movie_gross VALUES ('Taking Care of Business', '1990-08-17', 'Comedy', 'R', 20005435, 39963460);
INSERT INTO public.movie_gross VALUES ('Mr. Destiny', '1990-10-12', 'Comedy', 'PG-13', 15379253, 30722056);
INSERT INTO public.movie_gross VALUES ('The Rescuers Down Under', '1990-11-16', 'Adventure', 'G', 27931461, 55796728);
INSERT INTO public.movie_gross VALUES ('3 Men and a Little Lady', '1990-11-21', 'Comedy', 'PG', 71609321, 143108869);
INSERT INTO public.movie_gross VALUES ('Green Card', '1990-12-25', 'Romantic Comedy', 'PG-13', 29804169, 59679131);
INSERT INTO public.movie_gross VALUES ('White Fang', '1991-01-18', 'Adventure', 'PG', 34729091, 69540672);
INSERT INTO public.movie_gross VALUES ('Scenes from a Mall', '1991-02-22', 'Comedy', NULL, 9563393, 19149495);
INSERT INTO public.movie_gross VALUES ('Haakon Haakonsen', '1991-03-01', 'Adventure', 'PG', 15024232, 30084149);
INSERT INTO public.movie_gross VALUES ('The Marrying Man', '1991-04-05', 'Romantic Comedy', 'R', 12454768, 24939118);
INSERT INTO public.movie_gross VALUES ('Oscar', '1991-04-26', 'Comedy', 'PG', 23562716, 47181395);
INSERT INTO public.movie_gross VALUES ('One Good Cop', '1991-05-03', 'Action', 'R', 11276846, 22580472);
INSERT INTO public.movie_gross VALUES ('What About Bob?', '1991-05-17', 'Comedy', 'PG', 63710000, 127571325);
INSERT INTO public.movie_gross VALUES ('Wild Hearts Can''t Be Broken', '1991-05-24', 'Drama', NULL, 7300000, 14617333);
INSERT INTO public.movie_gross VALUES ('The Rocketeer', '1991-06-21', 'Action', 'PG', 46573027, 93256673);
INSERT INTO public.movie_gross VALUES ('The Doctor', '1991-07-24', 'Drama', 'PG-13', 37497480, 75084021);
INSERT INTO public.movie_gross VALUES ('Paradise', '1991-09-18', 'Drama', 'PG-13', 18634643, 37313540);
INSERT INTO public.movie_gross VALUES ('Deceived', '1991-09-27', 'Thriller/Suspense', 'PG-13', 28738096, 57544453);
INSERT INTO public.movie_gross VALUES ('Ernest Scared Stupid', '1991-10-11', 'Comedy', 'PG', 14143280, 28320147);
INSERT INTO public.movie_gross VALUES ('Billy Bathgate', '1991-11-01', 'Drama', 'R', 15565363, 31167691);
INSERT INTO public.movie_gross VALUES ('Beauty and the Beast', '1991-11-13', 'Musical', 'G', 218951625, 363017667);
INSERT INTO public.movie_gross VALUES ('Father of the Bride', '1991-12-20', 'Comedy', 'PG', 89325780, 179821881);
INSERT INTO public.movie_gross VALUES ('The Hand That Rocks the Cradle', '1992-01-10', 'Thriller/Suspense', 'R', 88036683, 178831137);
INSERT INTO public.movie_gross VALUES ('Medicine Man', '1992-02-07', 'Drama', 'PG-13', 44948240, 91304495);
INSERT INTO public.movie_gross VALUES ('Blame it on the Bellboy', '1992-03-06', 'Comedy', 'PG-13', 2891055, 5872667);
INSERT INTO public.movie_gross VALUES ('Noises Off...', '1992-03-20', 'Comedy', 'PG-13', 2280148, 4631720);
INSERT INTO public.movie_gross VALUES ('Straight Talk', '1992-04-03', 'Comedy', 'PG', 21202099, 43068356);
INSERT INTO public.movie_gross VALUES ('Newsies', '1992-04-08', NULL, 'PG', 2706352, 5497481);
INSERT INTO public.movie_gross VALUES ('Passed Away', '1992-04-24', NULL, 'PG-13', 4030793, 8187848);
INSERT INTO public.movie_gross VALUES ('Encino Man', '1992-05-22', 'Comedy', 'PG', 40057130, 81369058);
INSERT INTO public.movie_gross VALUES ('Sister Act', '1992-05-29', 'Comedy', 'PG', 139605150, 283583472);
INSERT INTO public.movie_gross VALUES ('Honey I Blew Up the Kid', '1992-07-17', 'Comedy', 'PG', 58662452, 119162518);
INSERT INTO public.movie_gross VALUES ('A Stranger Among Us', '1992-07-17', 'Drama', 'PG-13', 12282994, 24950752);
INSERT INTO public.movie_gross VALUES ('3 Ninjas', '1992-08-07', 'Action', 'PG', 29028000, 58965304);
INSERT INTO public.movie_gross VALUES ('A Gun in Betty Lou''s Handbag', '1992-08-21', NULL, 'PG-13', 3591460, 7295423);
INSERT INTO public.movie_gross VALUES ('Captain Ron', '1992-09-18', 'Comedy', 'PG-13', 22518097, 45741576);
INSERT INTO public.movie_gross VALUES ('Sarafina!', '1992-09-18', 'Drama', 'PG-13', 7306242, 14841352);
INSERT INTO public.movie_gross VALUES ('Innocent Blood', '1992-09-25', 'Horror', 'R', 4877567, 9907922);
INSERT INTO public.movie_gross VALUES ('The Mighty Ducks', '1992-10-02', 'Comedy', 'PG', 50752337, 103120810);
INSERT INTO public.movie_gross VALUES ('1492: Conquest of Paradise', '1992-10-09', 'Adventure', 'PG-13', 7099531, 14421454);
INSERT INTO public.movie_gross VALUES ('Consenting Adults', '1992-10-16', 'Drama', 'R', 21591728, 43859823);
INSERT INTO public.movie_gross VALUES ('Aladdin', '1992-11-11', 'Comedy', 'G', 217350219, 441969178);
INSERT INTO public.movie_gross VALUES ('The Distinguished Gentleman', '1992-12-04', 'Comedy', 'R', 46434570, 94349900);
INSERT INTO public.movie_gross VALUES ('The Muppet Christmas Carol', '1992-12-11', 'Comedy', 'G', 27281507, 55417615);
INSERT INTO public.movie_gross VALUES ('Alive', '1993-01-15', 'Adventure', 'R', 36299670, 73914543);
INSERT INTO public.movie_gross VALUES ('Aspen Extreme', '1993-01-22', 'Romantic Comedy', 'PG-13', 7843388, 15970955);
INSERT INTO public.movie_gross VALUES ('Homeward Bound: The Incredible Journey', '1993-02-03', 'Adventure', 'G', 41833324, 85182343);
INSERT INTO public.movie_gross VALUES ('The Cemetery Club', '1993-02-03', 'Comedy', 'PG-13', 5583621, 11369541);
INSERT INTO public.movie_gross VALUES ('Swing Kids', '1993-03-05', 'Musical', 'PG-13', 5632086, 11468231);
INSERT INTO public.movie_gross VALUES ('A Far Off Place', '1993-03-12', 'Adventure', 'PG', 12890752, 26248558);
INSERT INTO public.movie_gross VALUES ('Born Yesterday', '1993-03-26', 'Romantic Comedy', 'PG', 17760754, 36165012);
INSERT INTO public.movie_gross VALUES ('The Adventures of Huck Finn', '1993-04-02', 'Adventure', 'PG', 24103594, 49080505);
INSERT INTO public.movie_gross VALUES ('Bound by Honor', '1993-04-16', NULL, 'R', 4496583, 9156084);
INSERT INTO public.movie_gross VALUES ('Indian Summer', '1993-04-23', 'Comedy', 'R', 14717851, 29968953);
INSERT INTO public.movie_gross VALUES ('Super Mario Bros.', '1993-05-28', 'Action', 'PG', 20844907, 42445058);
INSERT INTO public.movie_gross VALUES ('Guilty as Sin', '1993-06-04', 'Thriller/Suspense', 'R', 22622537, 46064723);
INSERT INTO public.movie_gross VALUES ('Life With Mikey', '1993-06-04', 'Comedy', 'PG', 12349549, 25146538);
INSERT INTO public.movie_gross VALUES ('What''s Love Got to Do With It', '1993-06-09', 'Drama', 'R', 39100956, 79618610);
INSERT INTO public.movie_gross VALUES ('Son in Law', '1993-07-02', 'Comedy', 'PG-13', 25989889, 52921433);
INSERT INTO public.movie_gross VALUES ('Hocus Pocus', '1993-07-16', 'Comedy', 'PG', 39360491, 80147079);
INSERT INTO public.movie_gross VALUES ('Another Stakeout', '1993-07-23', 'Comedy', 'PG-13', 20107504, 40943541);
INSERT INTO public.movie_gross VALUES ('My Boyfriend''s Back', '1993-08-06', NULL, 'PG-13', 3218882, 6554384);
INSERT INTO public.movie_gross VALUES ('Father Hood', '1993-08-27', NULL, 'PG-13', 3268203, 6654819);
INSERT INTO public.movie_gross VALUES ('The Joy Luck Club', '1993-09-08', 'Drama', 'R', 32790064, 66768171);
INSERT INTO public.movie_gross VALUES ('Money for Nothing', '1993-09-10', 'Comedy', 'R', 1044824, 2127496);
INSERT INTO public.movie_gross VALUES ('The Program', '1993-09-24', 'Action', 'R', 23042200, 46919256);
INSERT INTO public.movie_gross VALUES ('Cool Runnings', '1993-10-01', 'Comedy', 'PG', 68856263, 140392731);
INSERT INTO public.movie_gross VALUES ('The Nightmare Before Christmas', '1993-10-13', 'Musical', 'PG', 50408318, 100026637);
INSERT INTO public.movie_gross VALUES ('The Three Musketeers', '1993-11-12', 'Adventure', 'PG', 53661805, 109310377);
INSERT INTO public.movie_gross VALUES ('Sister Act 2 Back in the Habit', '1993-12-10', 'Comedy', 'PG', 57319029, 116965668);
INSERT INTO public.movie_gross VALUES ('Tombstone', '1993-12-25', 'Western', 'R', 56505065, 115781734);
INSERT INTO public.movie_gross VALUES ('The Air Up There', '1994-01-07', 'Comedy', 'PG', 20782439, 42940186);
INSERT INTO public.movie_gross VALUES ('Cabin Boy', '1994-01-07', 'Comedy', 'PG-13', 3469493, 7168577);
INSERT INTO public.movie_gross VALUES ('Iron Will', '1994-01-14', 'Drama', 'PG', 20623071, 42610902);
INSERT INTO public.movie_gross VALUES ('Red Rock West', '1994-01-28', NULL, 'R', 2502551, 5170709);
INSERT INTO public.movie_gross VALUES ('Blank Check', '1994-02-11', 'Comedy', 'PG', 30573770, 63170804);
INSERT INTO public.movie_gross VALUES ('Angie', '1994-03-04', 'Comedy', 'R', 9252349, 19116981);
INSERT INTO public.movie_gross VALUES ('The Ref', '1994-03-09', 'Comedy', 'R', 11325885, 23401275);
INSERT INTO public.movie_gross VALUES ('D2: The Mighty Ducks', '1994-03-25', 'Comedy', 'PG', 45604206, 94226333);
INSERT INTO public.movie_gross VALUES ('Holy Matrimony', '1994-04-08', 'Comedy', NULL, 713234, 1473665);
INSERT INTO public.movie_gross VALUES ('White Fang 2: Myth of the White Wolf', '1994-04-15', 'Adventure', 'PG', 8752399, 18083994);
INSERT INTO public.movie_gross VALUES ('The Inkwell', '1994-04-22', 'Comedy', 'R', 8864699, 18316030);
INSERT INTO public.movie_gross VALUES ('When a Man Loves a Woman', '1994-04-29', 'Drama', 'R', 50021959, 103354194);
INSERT INTO public.movie_gross VALUES ('3 Ninjas Kick Back', '1994-05-06', 'Action', 'PG', 11744960, 24267154);
INSERT INTO public.movie_gross VALUES ('Renaissance Man', '1994-06-03', 'Comedy', 'PG-13', 24172899, 49945474);
INSERT INTO public.movie_gross VALUES ('The Lion King', '1994-06-15', 'Adventure', 'G', 422780140, 761640898);
INSERT INTO public.movie_gross VALUES ('I Love Trouble', '1994-06-29', 'Romantic Comedy', 'PG', 30806194, 63651027);
INSERT INTO public.movie_gross VALUES ('Angels in the Outfield', '1994-07-15', 'Comedy', 'PG', 50236831, 103798152);
INSERT INTO public.movie_gross VALUES ('In the Army Now', '1994-08-12', 'Comedy', 'PG', 28881266, 59673787);
INSERT INTO public.movie_gross VALUES ('Color of Night', '1994-08-19', 'Thriller/Suspense', 'R', 19750470, 40804816);
INSERT INTO public.movie_gross VALUES ('Camp Nowhere', '1994-08-26', 'Comedy', 'PG', 10442641, 21576332);
INSERT INTO public.movie_gross VALUES ('It''s Pat', '1994-08-26', 'Comedy', NULL, 60822, 125666);
INSERT INTO public.movie_gross VALUES ('A Simple Twist of Fate', '1994-09-02', 'Drama', 'PG-13', 3404935, 7035189);
INSERT INTO public.movie_gross VALUES ('Quiz Show', '1994-09-14', 'Drama', 'PG-13', 24787282, 50840394);
INSERT INTO public.movie_gross VALUES ('Terminal Velocity', '1994-09-23', 'Action', 'PG-13', 16478900, 34048315);
INSERT INTO public.movie_gross VALUES ('Ed Wood', '1994-09-30', 'Comedy', 'R', 5828466, 12042634);
INSERT INTO public.movie_gross VALUES ('The Puppet Masters', '1994-10-21', 'Horror', 'R', 8579626, 17727017);
INSERT INTO public.movie_gross VALUES ('Squanto: A Warrior''s Tale', '1994-10-28', 'Drama', 'PG', 3319344, 6858345);
INSERT INTO public.movie_gross VALUES ('The Santa Clause', '1994-11-11', 'Comedy', 'PG', 144833357, 298369717);
INSERT INTO public.movie_gross VALUES ('A Low Down Dirty Shame', '1994-11-23', 'Action', 'R', 29317886, 60321919);
INSERT INTO public.movie_gross VALUES ('The Jungle Book', '1994-12-25', 'Adventure', 'PG', 44342956, 88930321);
INSERT INTO public.movie_gross VALUES ('Houseguest', '1995-01-06', 'Comedy', 'PG', 26325256, 51016522);
INSERT INTO public.movie_gross VALUES ('Bad Company', '1995-01-20', 'Thriller/Suspense', 'R', 3523909, 6829092);
INSERT INTO public.movie_gross VALUES ('Miami Rhapsody', '1995-01-27', 'Romantic Comedy', 'PG-13', 5086578, 9857435);
INSERT INTO public.movie_gross VALUES ('The Jerky Boys', '1995-02-03', 'Comedy', 'R', 7555256, 14641561);
INSERT INTO public.movie_gross VALUES ('Heavy Weights', '1995-02-17', 'Comedy', 'PG', 17671310, 34245779);
INSERT INTO public.movie_gross VALUES ('Man of the House', '1995-03-03', 'Comedy', 'PG', 40029009, 77573459);
INSERT INTO public.movie_gross VALUES ('Roommates', '1995-03-03', 'Comedy', 'PG', 12076989, 23404369);
INSERT INTO public.movie_gross VALUES ('Tall Tale', '1995-03-24', 'Western', 'PG', 8247627, 15983331);
INSERT INTO public.movie_gross VALUES ('A Pyromaniac''s Love Story', '1995-03-28', 'Romantic Comedy', 'PG', 468240, 907414);
INSERT INTO public.movie_gross VALUES ('Jefferson in Paris', '1995-03-31', 'Drama', 'PG-13', 2461628, 4770461);
INSERT INTO public.movie_gross VALUES ('Funny Bones', '1995-03-31', 'Comedy', 'R', 529135, 1025425);
INSERT INTO public.movie_gross VALUES ('A Goofy Movie', '1995-04-07', 'Comedy', 'G', 35336439, 68479579);
INSERT INTO public.movie_gross VALUES ('While You Were Sleeping', '1995-04-21', 'Romantic Comedy', 'PG', 81057016, 157082900);
INSERT INTO public.movie_gross VALUES ('Crimson Tide', '1995-05-12', 'Action', 'R', 91387195, 177102077);
INSERT INTO public.movie_gross VALUES ('Mad Love', '1995-05-26', 'Drama', 'PG-13', 15446532, 29934306);
INSERT INTO public.movie_gross VALUES ('Pocahontas', '1995-06-10', 'Adventure', 'G', 141579773, 274370957);
INSERT INTO public.movie_gross VALUES ('Judge Dredd', '1995-06-30', 'Action', 'R', 34687912, 67222776);
INSERT INTO public.movie_gross VALUES ('Operation Dumbo Drop', '1995-07-28', 'Adventure', 'PG', 24670346, 47809421);
INSERT INTO public.movie_gross VALUES ('Dangerous Minds', '1995-08-11', 'Drama', 'R', 84919401, 164552293);
INSERT INTO public.movie_gross VALUES ('A Kid in King Arthur''s Court', '1995-08-11', 'Adventure', 'PG', 13406717, 25981285);
INSERT INTO public.movie_gross VALUES ('The Tie That Binds', '1995-09-08', 'Thriller/Suspense', 'R', 5762795, 11167895);
INSERT INTO public.movie_gross VALUES ('Unstrung Heroes', '1995-09-15', 'Drama', 'PG', 7929000, 15365850);
INSERT INTO public.movie_gross VALUES ('The Big Green', '1995-09-29', 'Comedy', 'PG', 17736619, 34372339);
INSERT INTO public.movie_gross VALUES ('Dead Presidents', '1995-10-04', 'Drama', 'R', 24120194, 46741467);
INSERT INTO public.movie_gross VALUES ('The Scarlet Letter', '1995-10-13', 'Drama', 'R', 10359006, 20075033);
INSERT INTO public.movie_gross VALUES ('Feast of July', '1995-10-13', 'Drama', 'R', 293274, 568342);
INSERT INTO public.movie_gross VALUES ('Powder', '1995-10-27', 'Drama', 'PG-13', 30833914, 59727216);
INSERT INTO public.movie_gross VALUES ('Toy Story', '1995-11-22', 'Adventure', 'G', 191796233, 370409631);
INSERT INTO public.movie_gross VALUES ('Father of the Bride Part II', '1995-12-08', 'Comedy', 'PG', 76578911, 147658438);
INSERT INTO public.movie_gross VALUES ('Nixon', '1995-12-20', 'Drama', 'R', 13668249, 26302005);
INSERT INTO public.movie_gross VALUES ('Tom and Huck', '1995-12-22', 'Adventure', 'PG', 23837227, 45911517);
INSERT INTO public.movie_gross VALUES ('Mr. Holland''s Opus', '1995-12-29', 'Drama', 'PG', 82582604, 157508868);
INSERT INTO public.movie_gross VALUES ('White Squall', '1996-02-02', 'Adventure', 'PG-13', 10229300, 19509726);
INSERT INTO public.movie_gross VALUES ('Muppet Treasure Island', '1996-02-16', 'Adventure', 'G', 34327391, 65470567);
INSERT INTO public.movie_gross VALUES ('Mr. Wrong', '1996-02-16', 'Romantic Comedy', 'PG-13', 12805071, 24422334);
INSERT INTO public.movie_gross VALUES ('Before and After', '1996-02-23', 'Drama', 'PG-13', 8642118, 16482589);
INSERT INTO public.movie_gross VALUES ('Up Close & Personal', '1996-03-01', 'Drama', 'PG-13', 51045801, 97356578);
INSERT INTO public.movie_gross VALUES ('Homeward Bound II: Lost in San Franc…', '1996-03-08', 'Adventure', 'G', 32709423, 62384706);
INSERT INTO public.movie_gross VALUES ('Two Much', '1996-03-15', 'Romantic Comedy', 'PG-13', 1078555, 2057055);
INSERT INTO public.movie_gross VALUES ('Un indien dans la ville', '1996-03-22', 'Comedy', 'PG', 1029731, 1963937);
INSERT INTO public.movie_gross VALUES ('James and the Giant Peach', '1996-04-12', 'Adventure', 'PG', 28921264, 55159783);
INSERT INTO public.movie_gross VALUES ('Celtic Pride', '1996-04-19', 'Comedy', 'PG-13', 9240378, 17623615);
INSERT INTO public.movie_gross VALUES ('Last Dance', '1996-05-03', 'Drama', 'R', 5857534, 11171714);
INSERT INTO public.movie_gross VALUES ('Boys', '1996-05-10', 'Drama', 'PG-13', 21930418, 41826566);
INSERT INTO public.movie_gross VALUES ('Spy Hard', '1996-05-24', 'Comedy', 'PG-13', 26936265, 51373912);
INSERT INTO public.movie_gross VALUES ('Eddie', '1996-05-31', 'Comedy', 'PG-13', 31369401, 59828966);
INSERT INTO public.movie_gross VALUES ('The Rock', '1996-06-07', 'Action', 'R', 134069511, 255702705);
INSERT INTO public.movie_gross VALUES ('The Hunchback of Notre Dame', '1996-06-21', 'Adventure', 'G', 100138851, 190988799);
INSERT INTO public.movie_gross VALUES ('Phenomenon', '1996-07-05', 'Drama', 'PG', 104636382, 199559799);
INSERT INTO public.movie_gross VALUES ('Kazaam', '1996-07-17', 'Comedy', 'PG', 18880508, 36009655);
INSERT INTO public.movie_gross VALUES ('Jack', '1996-08-09', 'Drama', 'PG-13', 58617334, 111792852);
INSERT INTO public.movie_gross VALUES ('First Kid', '1996-08-30', 'Comedy', 'PG', 26465920, 50465108);
INSERT INTO public.movie_gross VALUES ('The Rich Man''s Wife', '1996-09-13', 'Thriller/Suspense', 'R', 8538318, 16284619);
INSERT INTO public.movie_gross VALUES ('D3: The Mighty Ducks', '1996-10-04', 'Comedy', 'PG', 22936273, 43713554);
INSERT INTO public.movie_gross VALUES ('The Associate', '1996-10-25', 'Comedy', 'PG-13', 12772657, 24333094);
INSERT INTO public.movie_gross VALUES ('Ransom', '1996-11-08', 'Action', 'R', 136492681, 259807820);
INSERT INTO public.movie_gross VALUES ('The War at Home', '1996-11-20', NULL, 'R', 34368, 65543);
INSERT INTO public.movie_gross VALUES ('101 Dalmatians', '1996-11-27', 'Comedy', 'G', 136189294, 258728898);
INSERT INTO public.movie_gross VALUES ('The Preacher''s Wife', '1996-12-13', 'Drama', 'PG', 48102795, 91076877);
INSERT INTO public.movie_gross VALUES ('Evita', '1996-12-25', 'Musical', 'PG', 50047179, 92077628);
INSERT INTO public.movie_gross VALUES ('Metro', '1997-01-17', 'Action', 'R', 32017895, 58804106);
INSERT INTO public.movie_gross VALUES ('Prefontaine', '1997-01-24', 'Drama', 'PG-13', 590817, 1085093);
INSERT INTO public.movie_gross VALUES ('Shadow Conspiracy', '1997-01-31', 'Thriller/Suspense', 'R', 2154540, 3957025);
INSERT INTO public.movie_gross VALUES ('That Darn Cat', '1997-02-14', 'Comedy', 'PG', 18301828, 33613158);
INSERT INTO public.movie_gross VALUES ('Jungle 2 Jungle', '1997-03-07', 'Comedy', 'PG', 59925026, 110058379);
INSERT INTO public.movie_gross VALUES ('The Sixth Man', '1997-03-28', 'Comedy', 'PG-13', 14765099, 27117599);
INSERT INTO public.movie_gross VALUES ('Grosse Pointe Blank', '1997-04-11', 'Black Comedy', 'R', 28084357, 51579764);
INSERT INTO public.movie_gross VALUES ('Romy and Michele''s High School Reunion', '1997-04-25', 'Comedy', 'R', 29235353, 53693680);
INSERT INTO public.movie_gross VALUES ('Gone Fishin''', '1997-05-30', 'Comedy', 'PG', 19745922, 36265379);
INSERT INTO public.movie_gross VALUES ('Con Air', '1997-06-06', 'Action', 'R', 101117573, 185712664);
INSERT INTO public.movie_gross VALUES ('Hercules', '1997-06-13', 'Adventure', 'G', 99112101, 182029412);
INSERT INTO public.movie_gross VALUES ('George Of The Jungle', '1997-07-16', 'Comedy', 'PG', 105263257, 193326632);
INSERT INTO public.movie_gross VALUES ('Nothing To Lose', '1997-07-18', 'Comedy', 'R', 44480039, 81692095);
INSERT INTO public.movie_gross VALUES ('Air Bud', '1997-08-01', 'Comedy', 'PG', 24646936, 45266588);
INSERT INTO public.movie_gross VALUES ('G.I. Jane', '1997-08-22', 'Drama', 'R', 48169156, 88467531);
INSERT INTO public.movie_gross VALUES ('A Thousand Acres', '1997-09-19', 'Drama', 'R', 7928412, 14561324);
INSERT INTO public.movie_gross VALUES ('Washington Square', '1997-10-05', 'Drama', 'PG', 1775644, 3257546);
INSERT INTO public.movie_gross VALUES ('Rocket Man', '1997-10-10', 'Comedy', 'PG', 15448043, 28371890);
INSERT INTO public.movie_gross VALUES ('Playing God', '1997-10-17', 'Thriller/Suspense', 'R', 4166918, 7652965);
INSERT INTO public.movie_gross VALUES ('Flubber', '1997-11-26', 'Comedy', 'PG', 92993801, 170406423);
INSERT INTO public.movie_gross VALUES ('An American Werewolf in Paris', '1997-12-25', 'Horror', 'R', 26570463, 48546161);
INSERT INTO public.movie_gross VALUES ('Mr. Magoo', '1997-12-25', 'Comedy', 'PG', 21437192, 39145784);
INSERT INTO public.movie_gross VALUES ('Kundun', '1997-12-25', 'Drama', 'PG-13', 5686694, 10236836);
INSERT INTO public.movie_gross VALUES ('Deep Rising', '1998-01-30', 'Action', 'R', 11203026, 20136775);
INSERT INTO public.movie_gross VALUES ('Krippendorf''s Tribe', '1998-02-27', 'Comedy', 'PG-13', 7571115, 13608633);
INSERT INTO public.movie_gross VALUES ('An Alan Smithee Film: Burn Hollywood …', '1998-02-27', 'Comedy', 'R', 45779, 82277);
INSERT INTO public.movie_gross VALUES ('Meet the Deedles', '1998-03-27', 'Comedy', 'PG', 4356126, 7829877);
INSERT INTO public.movie_gross VALUES ('He Got Game', '1998-05-01', 'Drama', 'R', 21567853, 38766948);
INSERT INTO public.movie_gross VALUES ('The Horse Whisperer', '1998-05-15', 'Drama', 'PG-13', 75383563, 135497531);
INSERT INTO public.movie_gross VALUES ('Six Days, Seven Nights', '1998-06-12', 'Romantic Comedy', 'PG-13', 74339294, 133620516);
INSERT INTO public.movie_gross VALUES ('Mulan', '1998-06-19', 'Adventure', 'G', 120620254, 216807832);
INSERT INTO public.movie_gross VALUES ('Armageddon', '1998-07-01', 'Adventure', 'PG-13', 201578182, 362324957);
INSERT INTO public.movie_gross VALUES ('Jane Austen''s Mafia', '1998-07-24', 'Comedy', 'PG-13', 19843795, 35668055);
INSERT INTO public.movie_gross VALUES ('The Parent Trap', '1998-07-29', 'Comedy', 'PG', 66308518, 119185667);
INSERT INTO public.movie_gross VALUES ('Firelight', '1998-09-04', 'Drama', 'R', 784419, 1409943);
INSERT INTO public.movie_gross VALUES ('Simon Birch', '1998-09-11', 'Drama', 'PG', 18253415, 32809442);
INSERT INTO public.movie_gross VALUES ('Holy Man', '1998-10-09', 'Comedy', 'PG', 12069719, 21694605);
INSERT INTO public.movie_gross VALUES ('Beloved', '1998-10-16', 'Drama', 'R', 22852487, 41062682);
INSERT INTO public.movie_gross VALUES ('The Waterboy', '1998-11-06', 'Comedy', 'PG-13', 161491646, 288691833);
INSERT INTO public.movie_gross VALUES ('I''ll Be Home For Christmas', '1998-11-13', 'Comedy', 'PG', 12214338, 21941840);
INSERT INTO public.movie_gross VALUES ('A Bug''s Life', '1998-11-20', 'Adventure', 'G', 162798565, 288981698);
INSERT INTO public.movie_gross VALUES ('Enemy of the State', '1998-11-20', 'Action', 'R', 111549836, 198472008);
INSERT INTO public.movie_gross VALUES ('Rushmore', '1998-12-11', 'Black Comedy', 'R', 17105219, 28392518);
INSERT INTO public.movie_gross VALUES ('A Civil Action', '1998-12-25', 'Drama', 'PG-13', 56709981, 94139530);
INSERT INTO public.movie_gross VALUES ('Mighty Joe Young', '1998-12-25', 'Adventure', 'PG', 50632037, 87906042);
INSERT INTO public.movie_gross VALUES ('My Favorite Martian', '1999-02-12', 'Comedy', 'PG', 36850101, 61150849);
INSERT INTO public.movie_gross VALUES ('The Other Sister', '1999-02-26', 'Romantic Comedy', 'PG-13', 27807627, 46145331);
INSERT INTO public.movie_gross VALUES ('Doug''s 1st Movie', '1999-03-26', 'Adventure', 'G', 19421271, 32228598);
INSERT INTO public.movie_gross VALUES ('Ten Things I Hate About You', '1999-03-31', 'Romantic Comedy', 'PG-13', 38177966, 63354375);
INSERT INTO public.movie_gross VALUES ('Endurance', '1999-05-14', NULL, 'PG', 229128, 380218);
INSERT INTO public.movie_gross VALUES ('Instinct', '1999-06-04', 'Drama', 'R', 34105207, 56595842);
INSERT INTO public.movie_gross VALUES ('Tarzan', '1999-06-16', 'Adventure', 'G', 171091819, 283900254);
INSERT INTO public.movie_gross VALUES ('Summer of Sam', '1999-07-02', 'Drama', 'R', 19288130, 32007656);
INSERT INTO public.movie_gross VALUES ('Inspector Gadget', '1999-07-23', 'Comedy', 'PG', 97387965, 161610341);
INSERT INTO public.movie_gross VALUES ('The Sixth Sense', '1999-08-06', 'Thriller/Suspense', 'PG-13', 293506292, 485424724);
INSERT INTO public.movie_gross VALUES ('The 13th Warrior', '1999-08-27', 'Action', 'R', 32698899, 54262148);
INSERT INTO public.movie_gross VALUES ('Breakfast of Champions', '1999-09-17', 'Comedy', 'R', 178287, 295851);
INSERT INTO public.movie_gross VALUES ('Mumford', '1999-09-24', 'Comedy', 'R', 4559569, 7566363);
INSERT INTO public.movie_gross VALUES ('Mystery, Alaska', '1999-10-01', 'Comedy', 'R', 8891623, 14755189);
INSERT INTO public.movie_gross VALUES ('The Straight Story', '1999-10-15', 'Drama', 'G', 6197866, 10111144);
INSERT INTO public.movie_gross VALUES ('The Insider', '1999-11-05', 'Drama', 'R', 28965197, 47794214);
INSERT INTO public.movie_gross VALUES ('Toy Story 2', '1999-11-19', 'Adventure', 'G', 245852179, 404450426);
INSERT INTO public.movie_gross VALUES ('Cradle Will Rock', '1999-12-08', 'Drama', 'R', 2899970, 4609153);
INSERT INTO public.movie_gross VALUES ('Deuce Bigalow: Male Gigolo', '1999-12-10', 'Comedy', 'R', 65535067, 106921374);
INSERT INTO public.movie_gross VALUES ('Bicentennial Man', '1999-12-17', 'Drama', 'PG', 58220776, 94838225);
INSERT INTO public.movie_gross VALUES ('Play it to the Bone', '1999-12-24', 'Comedy', 'R', 8427204, 13180524);
INSERT INTO public.movie_gross VALUES ('Fantasia 2000 (IMAX)', '2000-01-01', 'Musical', 'G', 60507228, 94852354);
INSERT INTO public.movie_gross VALUES ('Gun Shy', '2000-02-04', 'Comedy', 'R', 1638202, 2562155);
INSERT INTO public.movie_gross VALUES ('The Tigger Movie', '2000-02-11', 'Adventure', 'G', 45542421, 71228678);
INSERT INTO public.movie_gross VALUES ('Mission to Mars', '2000-03-10', 'Adventure', 'PG', 60874615, 95208344);
INSERT INTO public.movie_gross VALUES ('High Fidelity', '2000-03-31', 'Comedy', 'R', 27277055, 42661516);
INSERT INTO public.movie_gross VALUES ('Keeping the Faith', '2000-04-14', 'Romantic Comedy', 'PG-13', 37036404, 57925202);
INSERT INTO public.movie_gross VALUES ('Dinosaur', '2000-05-19', 'Adventure', 'PG', 137748063, 215438985);
INSERT INTO public.movie_gross VALUES ('Shanghai Noon', '2000-05-26', 'Western', 'PG-13', 56932305, 89042541);
INSERT INTO public.movie_gross VALUES ('Gone in 60 Seconds', '2000-06-09', 'Action', 'PG-13', 101643008, 158970411);
INSERT INTO public.movie_gross VALUES ('Fantasia 2000 (Theatrical Release)', '2000-06-16', 'Musical', 'G', 9103630, 14238144);
INSERT INTO public.movie_gross VALUES ('The Kid', '2000-07-07', 'Comedy', 'PG', 69688384, 108993148);
INSERT INTO public.movie_gross VALUES ('Coyote Ugly', '2000-08-04', 'Drama', 'PG-13', 60786269, 95070168);
INSERT INTO public.movie_gross VALUES ('The Crew', '2000-08-25', 'Comedy', 'PG-13', 13019253, 20362201);
INSERT INTO public.movie_gross VALUES ('Duets', '2000-09-15', 'Drama', 'R', 4734235, 7404372);
INSERT INTO public.movie_gross VALUES ('Remember the Titans', '2000-09-29', 'Drama', 'PG', 115654751, 180742479);
INSERT INTO public.movie_gross VALUES ('Unbreakable', '2000-11-22', 'Thriller/Suspense', 'PG-13', 94999143, 148208901);
INSERT INTO public.movie_gross VALUES ('102 Dalmatians', '2000-11-22', 'Comedy', 'G', 66941559, 104055039);
INSERT INTO public.movie_gross VALUES ('The Emperor''s New Groove', '2000-12-15', 'Adventure', 'G', 89296573, 136789252);
INSERT INTO public.movie_gross VALUES ('O Brother, Where Art Thou?', '2000-12-22', 'Comedy', 'PG-13', 45506619, 67922002);
INSERT INTO public.movie_gross VALUES ('Double Take', '2001-01-12', 'Action', 'PG-13', 29823162, 44418589);
INSERT INTO public.movie_gross VALUES ('Recess: School''s Out', '2001-02-16', 'Comedy', 'G', 36696761, 54656124);
INSERT INTO public.movie_gross VALUES ('Just Visiting', '2001-04-06', 'Comedy', 'PG-13', 4777007, 7114869);
INSERT INTO public.movie_gross VALUES ('Pearl Harbor', '2001-05-25', 'Action', 'PG-13', 198539855, 295705112);
INSERT INTO public.movie_gross VALUES ('Atlantis: The Lost Empire', '2001-06-08', 'Adventure', 'PG', 84052762, 125188122);
INSERT INTO public.movie_gross VALUES ('crazy/beautiful', '2001-06-29', 'Drama', 'PG-13', 16929123, 25214223);
INSERT INTO public.movie_gross VALUES ('The Princess Diaries', '2001-08-03', 'Comedy', 'G', 108244774, 161218928);
INSERT INTO public.movie_gross VALUES ('Bubble Boy', '2001-08-24', 'Comedy', 'PG-13', 5002310, 7450434);
INSERT INTO public.movie_gross VALUES ('Max Keeble''s Big Move', '2001-10-05', 'Comedy', 'PG', 17292381, 25749730);
INSERT INTO public.movie_gross VALUES ('Corky Romano', '2001-10-12', 'Comedy', 'PG-13', 23978402, 35705805);
INSERT INTO public.movie_gross VALUES ('High Heels and Low Lifes', '2001-10-26', NULL, 'R', 226792, 337782);
INSERT INTO public.movie_gross VALUES ('Monsters, Inc.', '2001-11-02', 'Adventure', 'G', 289423425, 416073179);
INSERT INTO public.movie_gross VALUES ('Out Cold', '2001-11-21', 'Comedy', 'PG-13', 13906394, 20700691);
INSERT INTO public.movie_gross VALUES ('The Royal Tenenbaums', '2001-12-14', 'Black Comedy', 'R', 52353636, 76758193);
INSERT INTO public.movie_gross VALUES ('Beauty and the Beast (IMAX)', '2002-01-01', 'Musical', 'G', 25487028, 36980311);
INSERT INTO public.movie_gross VALUES ('Frank McKlusky C.I.', '2002-01-01', NULL, NULL, 0, 0);
INSERT INTO public.movie_gross VALUES ('Snow Dogs', '2002-01-18', 'Comedy', 'PG', 81150692, 117745317);
INSERT INTO public.movie_gross VALUES ('The Count of Monte Cristo', '2002-01-25', 'Drama', 'PG-13', 54228104, 78682079);
INSERT INTO public.movie_gross VALUES ('Peter Pan: Return to Neverland', '2002-02-15', 'Adventure', 'G', 48430258, 70269715);
INSERT INTO public.movie_gross VALUES ('Reign of Fire', '2002-02-19', 'Action', 'PG-13', 43061982, 62480631);
INSERT INTO public.movie_gross VALUES ('Sorority Boys', '2002-03-22', 'Comedy', 'R', 10198766, 14797862);
INSERT INTO public.movie_gross VALUES ('The Rookie', '2002-03-29', 'Drama', 'G', 75600072, 109691666);
INSERT INTO public.movie_gross VALUES ('Big Trouble', '2002-04-05', 'Comedy', 'PG-13', 7262288, 10537188);
INSERT INTO public.movie_gross VALUES ('ESPN''s Ultimate X - The Movie', '2002-05-10', 'Documentary', 'PG', 4197175, 6089874);
INSERT INTO public.movie_gross VALUES ('Bad Company', '2002-06-07', 'Action', 'PG-13', 30157016, 43756218);
INSERT INTO public.movie_gross VALUES ('Lilo & Stitch', '2002-06-21', 'Adventure', 'PG', 145771527, 211506702);
INSERT INTO public.movie_gross VALUES ('The Country Bears', '2002-07-26', 'Adventure', 'G', 16988996, 24650121);
INSERT INTO public.movie_gross VALUES ('Signs', '2002-08-02', 'Thriller/Suspense', 'PG-13', 227965690, 330754439);
INSERT INTO public.movie_gross VALUES ('Sen to Chihiro no Kamikakushi', '2002-09-20', 'Adventure', 'PG', 10049886, 14338992);
INSERT INTO public.movie_gross VALUES ('Sweet Home Alabama', '2002-09-27', 'Comedy', 'PG-13', 127214072, 184521151);
INSERT INTO public.movie_gross VALUES ('Moonlight Mile', '2002-09-27', 'Drama', 'PG-13', 6830957, 9909094);
INSERT INTO public.movie_gross VALUES ('Tuck Everlasting', '2002-10-11', 'Drama', 'PG', 19161999, 27789959);
INSERT INTO public.movie_gross VALUES ('The Santa Clause 2', '2002-11-01', 'Comedy', 'G', 139225854, 201959095);
INSERT INTO public.movie_gross VALUES ('Treasure Planet', '2002-11-27', 'Adventure', 'PG', 38120554, 55189145);
INSERT INTO public.movie_gross VALUES ('The Hot Chick', '2002-12-13', 'Comedy', 'PG-13', 35081550, 50624654);
INSERT INTO public.movie_gross VALUES ('25th Hour', '2002-12-19', 'Drama', 'R', 13084595, 18325463);
INSERT INTO public.movie_gross VALUES ('The Recruit', '2003-01-31', 'Thriller/Suspense', 'PG-13', 52784696, 73793522);
INSERT INTO public.movie_gross VALUES ('Shanghai Knights', '2003-02-07', 'Adventure', 'PG-13', 60470220, 84537962);
INSERT INTO public.movie_gross VALUES ('The Jungle Book 2', '2003-02-14', 'Adventure', 'G', 47901582, 66966883);
INSERT INTO public.movie_gross VALUES ('Bringing Down the House', '2003-03-07', 'Comedy', 'PG-13', 132675402, 185481530);
INSERT INTO public.movie_gross VALUES ('Piglet''s Big Movie', '2003-03-21', 'Comedy', 'G', 23103423, 32298812);
INSERT INTO public.movie_gross VALUES ('Ghosts of the Abyss', '2003-04-11', 'Documentary', 'G', 17093668, 23803108);
INSERT INTO public.movie_gross VALUES ('Holes', '2003-04-18', 'Drama', 'PG', 67383924, 94203395);
INSERT INTO public.movie_gross VALUES ('The Lizzie McGuire Movie', '2003-05-02', 'Comedy', 'PG', 42734455, 59743191);
INSERT INTO public.movie_gross VALUES ('Finding Nemo', '2003-05-30', 'Adventure', 'G', 380529370, 518148559);
INSERT INTO public.movie_gross VALUES ('Pirates of the Caribbean: The Curse o…', '2003-07-09', 'Adventure', 'PG-13', 305411224, 426967926);
INSERT INTO public.movie_gross VALUES ('Freaky Friday', '2003-08-06', 'Comedy', 'PG', 110222438, 154090360);
INSERT INTO public.movie_gross VALUES ('Open Range', '2003-08-15', 'Western', 'R', 58331254, 81547672);
INSERT INTO public.movie_gross VALUES ('Cold Creek Manor', '2003-09-19', 'Thriller/Suspense', 'R', 21384035, 29895090);
INSERT INTO public.movie_gross VALUES ('Under the Tuscan Sun', '2003-09-26', 'Comedy', 'PG-13', 43601508, 60944053);
INSERT INTO public.movie_gross VALUES ('Veronica Guerin', '2003-10-17', 'Drama', 'R', 1569918, 2194759);
INSERT INTO public.movie_gross VALUES ('Brother Bear', '2003-10-24', 'Adventure', 'G', 85336277, 119218333);
INSERT INTO public.movie_gross VALUES ('The Haunted Mansion', '2003-11-26', 'Comedy', 'PG', 75817994, 105775678);
INSERT INTO public.movie_gross VALUES ('Calendar Girls', '2003-12-19', 'Comedy', 'PG-13', 31011616, 42379650);
INSERT INTO public.movie_gross VALUES ('Young Black Stallion', '2003-12-25', 'Adventure', 'G', 6751389, 9254344);
INSERT INTO public.movie_gross VALUES ('Teacher''s Pet: The Movie', '2004-01-16', 'Comedy', 'PG', 6491969, 8812764);
INSERT INTO public.movie_gross VALUES ('Miracle', '2004-02-06', 'Drama', 'PG', 64378093, 87392478);
INSERT INTO public.movie_gross VALUES ('Confessions of a Teenage Drama Queen', '2004-02-20', 'Comedy', 'PG', 29331068, 39816568);
INSERT INTO public.movie_gross VALUES ('Hidalgo', '2004-03-05', 'Western', 'PG-13', 67286731, 91340921);
INSERT INTO public.movie_gross VALUES ('The Ladykillers', '2004-03-26', 'Comedy', 'R', 39692139, 53881593);
INSERT INTO public.movie_gross VALUES ('Home on the Range', '2004-04-02', 'Comedy', 'PG', 50026353, 67910166);
INSERT INTO public.movie_gross VALUES ('The Alamo', '2004-04-09', 'Western', 'PG-13', 22406362, 30416359);
INSERT INTO public.movie_gross VALUES ('Raising Helen', '2004-05-28', 'Comedy', 'PG-13', 37485528, 50886144);
INSERT INTO public.movie_gross VALUES ('Around the World in 80 Days', '2004-06-16', 'Adventure', 'PG', 24004159, 32585356);
INSERT INTO public.movie_gross VALUES ('America''s Heart and Soul', '2004-07-02', 'Documentary', 'Not Rated', 314000, 426246);
INSERT INTO public.movie_gross VALUES ('King Arthur', '2004-07-07', 'Adventure', 'PG-13', 51877963, 70423706);
INSERT INTO public.movie_gross VALUES ('The Village', '2004-07-30', 'Thriller/Suspense', 'PG-13', 114197520, 155021748);
INSERT INTO public.movie_gross VALUES ('The Princess Diaries 2: Royal Engagement', '2004-08-11', 'Romantic Comedy', 'G', 95149435, 129164207);
INSERT INTO public.movie_gross VALUES ('Mr. 3000', '2004-09-17', 'Comedy', 'PG-13', 21800302, 29593641);
INSERT INTO public.movie_gross VALUES ('The Last Shot', '2004-09-24', 'Comedy', 'R', 463730, 629502);
INSERT INTO public.movie_gross VALUES ('Ladder 49', '2004-10-01', 'Action', 'PG-13', 74541707, 101161045);
INSERT INTO public.movie_gross VALUES ('The Incredibles', '2004-11-05', 'Adventure', 'PG', 261441092, 354488708);
INSERT INTO public.movie_gross VALUES ('National Treasure', '2004-11-19', 'Adventure', 'PG', 173005002, 234069353);
INSERT INTO public.movie_gross VALUES ('The Life Aquatic with Steve Zissou', '2004-12-10', 'Comedy', 'R', 24006726, 32198655);
INSERT INTO public.movie_gross VALUES ('Aliens of the Deep', '2005-01-28', 'Documentary', 'G', 8968684, 11740942);
INSERT INTO public.movie_gross VALUES ('Pooh''s Heffalump Movie', '2005-02-11', 'Adventure', 'G', 18098433, 23801835);
INSERT INTO public.movie_gross VALUES ('The Pacifier', '2005-03-04', 'Comedy', 'PG', 113006880, 148619029);
INSERT INTO public.movie_gross VALUES ('Ice Princess', '2005-03-18', 'Comedy', 'G', 24381334, 32064685);
INSERT INTO public.movie_gross VALUES ('A Lot Like Love', '2005-04-22', 'Comedy', 'PG-13', 21835784, 28716947);
INSERT INTO public.movie_gross VALUES ('The Hitchhiker''s Guide to the Galaxy', '2005-04-29', 'Comedy', 'PG', 51019112, 67096891);
INSERT INTO public.movie_gross VALUES ('Hauru no ugoku shiro', '2005-06-10', 'Adventure', 'PG', 4710455, 6194870);
INSERT INTO public.movie_gross VALUES ('Herbie: Fully Loaded', '2005-06-22', 'Comedy', 'G', 66010682, 86812798);
INSERT INTO public.movie_gross VALUES ('Dark Water', '2005-07-08', 'Thriller/Suspense', 'PG-13', 25473093, 33500491);
INSERT INTO public.movie_gross VALUES ('Sky High', '2005-07-29', 'Adventure', 'PG', 63939454, 84088854);
INSERT INTO public.movie_gross VALUES ('Valiant', '2005-08-19', 'Adventure', 'G', 19478106, 25616292);
INSERT INTO public.movie_gross VALUES ('Flightplan', '2005-09-23', 'Thriller/Suspense', 'PG-13', 89706988, 117960425);
INSERT INTO public.movie_gross VALUES ('The Greatest Game Ever Played', '2005-09-30', 'Drama', 'PG', 15331289, 20162672);
INSERT INTO public.movie_gross VALUES ('Shopgirl', '2005-10-21', 'Drama', 'R', 10284523, 13519621);
INSERT INTO public.movie_gross VALUES ('Chicken Little', '2005-11-04', 'Adventure', 'G', 135386665, 177954661);
INSERT INTO public.movie_gross VALUES ('The Chronicles of Narnia: The Lion, t…', '2005-12-09', 'Adventure', 'PG', 291710957, 381557539);
INSERT INTO public.movie_gross VALUES ('Casanova', '2005-12-25', 'Drama', 'R', 11304403, 14574087);
INSERT INTO public.movie_gross VALUES ('Glory Road', '2006-01-13', 'Drama', 'PG', 42647449, 54888236);
INSERT INTO public.movie_gross VALUES ('Annapolis', '2006-01-27', 'Drama', 'PG-13', 17127992, 22044113);
INSERT INTO public.movie_gross VALUES ('Roving Mars', '2006-01-27', 'Documentary', 'G', 10407978, 12948025);
INSERT INTO public.movie_gross VALUES ('Eight Below', '2006-02-17', 'Adventure', 'PG', 81612565, 105037235);
INSERT INTO public.movie_gross VALUES ('The Shaggy Dog', '2006-03-10', 'Comedy', 'PG', 61123569, 78667428);
INSERT INTO public.movie_gross VALUES ('Stay Alive', '2006-03-24', 'Horror', 'PG-13', 23086480, 29712825);
INSERT INTO public.movie_gross VALUES ('The Wild', '2006-04-14', 'Adventure', 'G', 37384046, 48114115);
INSERT INTO public.movie_gross VALUES ('Stick It', '2006-04-28', 'Comedy', 'PG-13', 26910736, 34634731);
INSERT INTO public.movie_gross VALUES ('Goal! The Dream Begins', '2006-05-12', 'Drama', 'PG', 4283255, 5512647);
INSERT INTO public.movie_gross VALUES ('Cars', '2006-06-09', 'Comedy', 'G', 244082982, 314140384);
INSERT INTO public.movie_gross VALUES ('Pirates of the Caribbean: Dead Man’…', '2006-07-07', 'Adventure', 'PG-13', 423315812, 544817142);
INSERT INTO public.movie_gross VALUES ('Step Up', '2006-08-11', 'Drama', 'PG-13', 65328121, 84078780);
INSERT INTO public.movie_gross VALUES ('Invincible', '2006-08-25', 'Drama', 'PG', 57806952, 74398864);
INSERT INTO public.movie_gross VALUES ('The Guardian', '2006-09-29', 'Action', 'PG-13', 55011732, 70801353);
INSERT INTO public.movie_gross VALUES ('The Prestige', '2006-10-20', 'Thriller/Suspense', 'PG-13', 53089891, 68289913);
INSERT INTO public.movie_gross VALUES ('Tim Burton''s The Nightmare Before Chr…', '2006-10-20', 'Musical', 'PG', 24732041, 30737517);
INSERT INTO public.movie_gross VALUES ('The Santa Clause 3: The Escape Clause', '2006-11-03', 'Comedy', 'G', 84500122, 108694869);
INSERT INTO public.movie_gross VALUES ('Déjà Vu', '2006-11-22', 'Thriller/Suspense', 'PG-13', 64038616, 82267038);
INSERT INTO public.movie_gross VALUES ('Apocalypto', '2006-12-08', 'Adventure', 'R', 50866635, 64959548);
INSERT INTO public.movie_gross VALUES ('Primeval', '2007-01-12', 'Adventure', 'R', 10597734, 12985302);
INSERT INTO public.movie_gross VALUES ('Bridge to Terabithia', '2007-02-16', 'Drama', 'PG', 82234139, 100760721);
INSERT INTO public.movie_gross VALUES ('Wild Hogs', '2007-03-02', 'Comedy', 'PG-13', 168213584, 206110533);
INSERT INTO public.movie_gross VALUES ('Meet the Robinsons', '2007-03-30', 'Adventure', 'G', 97822171, 119860589);
INSERT INTO public.movie_gross VALUES ('The Lookout', '2007-03-30', 'Drama', 'R', 4600585, 5637048);
INSERT INTO public.movie_gross VALUES ('The Hoax', '2007-04-06', 'Drama', 'R', 7164995, 8779196);
INSERT INTO public.movie_gross VALUES ('The Invisible', '2007-04-27', 'Thriller/Suspense', 'PG-13', 20568319, 25202168);
INSERT INTO public.movie_gross VALUES ('Pirates of the Caribbean: At World’…', '2007-05-24', 'Adventure', 'PG-13', 309420425, 379129960);
INSERT INTO public.movie_gross VALUES ('Ratatouille', '2007-06-29', 'Comedy', 'G', 206445654, 252955933);
INSERT INTO public.movie_gross VALUES ('Underdog', '2007-08-03', 'Adventure', 'PG', 43760605, 53619462);
INSERT INTO public.movie_gross VALUES ('The Game Plan', '2007-09-22', 'Comedy', 'PG', 90648202, 111010758);
INSERT INTO public.movie_gross VALUES ('Dan in Real Life', '2007-10-20', 'Romantic Comedy', 'PG-13', 47642963, 58350234);
INSERT INTO public.movie_gross VALUES ('Enchanted', '2007-11-21', 'Romantic Comedy', 'PG', 127706877, 156074310);
INSERT INTO public.movie_gross VALUES ('National Treasure 2: Book of Secrets', '2007-12-21', 'Adventure', 'PG', 219961501, 267003525);
INSERT INTO public.movie_gross VALUES ('Hannah Montana/Miley Cyrus: Best of B…', '2008-02-01', 'Concert/Performance', 'G', 65281781, 76646993);
INSERT INTO public.movie_gross VALUES ('Step Up 2 the Streets', '2008-02-14', 'Drama', 'PG-13', 58017783, 68118371);
INSERT INTO public.movie_gross VALUES ('College Road Trip', '2008-03-07', 'Comedy', 'G', 45610425, 53550960);
INSERT INTO public.movie_gross VALUES ('The Chronicles of Narnia: Prince Caspian', '2008-05-16', 'Adventure', 'PG', 141621490, 166277038);
INSERT INTO public.movie_gross VALUES ('WALL-E', '2008-06-27', 'Adventure', 'G', 223808164, 262771918);
INSERT INTO public.movie_gross VALUES ('Swing Vote', '2008-08-01', 'Comedy', 'PG-13', 16289867, 19125841);
INSERT INTO public.movie_gross VALUES ('Goal! 2: Living the Dream...', '2008-08-29', 'Drama', 'PG-13', 225067, 264247);
INSERT INTO public.movie_gross VALUES ('Miracle at St. Anna', '2008-09-26', 'Drama', 'R', 7916887, 9295171);
INSERT INTO public.movie_gross VALUES ('Beverly Hills Chihuahua', '2008-10-03', 'Comedy', 'PG', 94514402, 110932022);
INSERT INTO public.movie_gross VALUES ('Morning Light', '2008-10-17', 'Documentary', 'PG', 275093, 322979);
INSERT INTO public.movie_gross VALUES ('High School Musical 3: Senior Year', '2008-10-24', 'Musical', 'G', 90559416, 106308538);
INSERT INTO public.movie_gross VALUES ('Bolt', '2008-11-21', 'Comedy', 'PG', 114053759, 133702498);
INSERT INTO public.movie_gross VALUES ('Bedtime Stories', '2008-12-25', 'Comedy', 'PG', 110101975, 128039679);
INSERT INTO public.movie_gross VALUES ('Confessions of a Shopaholic', '2009-02-13', 'Romantic Comedy', 'PG', 44277350, 49767744);
INSERT INTO public.movie_gross VALUES ('Jonas Brothers: The 3D Concert Experi…', '2009-02-27', 'Concert/Performance', 'G', 38174685, 38174685);
INSERT INTO public.movie_gross VALUES ('Race to Witch Mountain', '2009-03-13', 'Adventure', 'PG', 67172594, 75501997);
INSERT INTO public.movie_gross VALUES ('Hannah Montana the Movie', '2009-04-10', 'Drama', 'G', 79576189, 89443640);
INSERT INTO public.movie_gross VALUES ('Earth', '2009-04-22', 'Documentary', 'G', 32011576, 35981010);
INSERT INTO public.movie_gross VALUES ('Up', '2009-05-29', 'Adventure', 'PG', 293004164, 329336681);
INSERT INTO public.movie_gross VALUES ('The Proposal', '2009-06-19', 'Romantic Comedy', 'PG-13', 163958031, 184288829);
INSERT INTO public.movie_gross VALUES ('G-Force', '2009-07-24', 'Adventure', 'PG', 119436770, 134246932);
INSERT INTO public.movie_gross VALUES ('Gake no ue no Ponyo', '2009-08-14', 'Adventure', 'G', 15090399, 16961607);
INSERT INTO public.movie_gross VALUES ('X Games 3D: The Movie', '2009-08-21', 'Documentary', 'PG', 1391434, 1563976);
INSERT INTO public.movie_gross VALUES ('Walt and El Grupo', '2009-09-10', 'Documentary', 'PG', 20521, 23064);
INSERT INTO public.movie_gross VALUES ('Surrogates', '2009-09-25', 'Action', 'PG-13', 38577772, 43361416);
INSERT INTO public.movie_gross VALUES ('Toy Story 3D Double Feature', '2009-10-02', 'Adventure', 'G', 30702446, 34509545);
INSERT INTO public.movie_gross VALUES ('Disney''s A Christmas Carol', '2009-11-06', 'Drama', 'PG', 137855863, 154927105);
INSERT INTO public.movie_gross VALUES ('The Princess and the Frog', '2009-11-25', 'Adventure', 'G', 104400899, 116316457);
INSERT INTO public.movie_gross VALUES ('Old Dogs', '2009-11-25', 'Comedy', 'PG', 49492060, 55503929);
INSERT INTO public.movie_gross VALUES ('When in Rome', '2010-01-29', 'Romantic Comedy', 'PG-13', 32680633, 34917330);
INSERT INTO public.movie_gross VALUES ('Alice in Wonderland', '2010-03-05', 'Adventure', 'PG', 334191110, 357063499);
INSERT INTO public.movie_gross VALUES ('Waking Sleeping Beauty', '2010-03-26', 'Documentary', 'PG', 80741, 86264);
INSERT INTO public.movie_gross VALUES ('The Last Song', '2010-03-31', 'Drama', 'PG', 62950384, 67258772);
INSERT INTO public.movie_gross VALUES ('Oceans', '2010-04-22', 'Documentary', 'G', 19422319, 20751600);
INSERT INTO public.movie_gross VALUES ('Prince of Persia: Sands of Time', '2010-05-28', 'Action', 'PG-13', 90759676, 96971361);
INSERT INTO public.movie_gross VALUES ('Toy Story 3', '2010-06-18', 'Adventure', 'G', 415004880, 443408255);
INSERT INTO public.movie_gross VALUES ('The Sorcerer''s Apprentice', '2010-07-14', 'Adventure', 'PG', 63150991, 67473105);
INSERT INTO public.movie_gross VALUES ('Step Up 3D', '2010-08-06', 'Drama', 'PG-13', 42400223, 45302137);
INSERT INTO public.movie_gross VALUES ('Gedo Senki (Tales from Earthsea)', '2010-08-13', 'Adventure', 'PG-13', 48658, 51988);
INSERT INTO public.movie_gross VALUES ('You Again', '2010-09-24', 'Comedy', 'PG', 25702053, 27461121);
INSERT INTO public.movie_gross VALUES ('Secretariat', '2010-10-08', 'Drama', 'PG', 59699513, 63781920);
INSERT INTO public.movie_gross VALUES ('Tangled', '2010-11-24', 'Adventure', 'PG', 200821936, 214388548);
INSERT INTO public.movie_gross VALUES ('Tron: Legacy', '2010-12-17', 'Adventure', 'PG', 172062763, 183619259);
INSERT INTO public.movie_gross VALUES ('Gnomeo and Juliet', '2011-02-11', 'Comedy', 'G', 99967670, 106270797);
INSERT INTO public.movie_gross VALUES ('I am Number Four', '2011-02-18', 'Adventure', 'PG-13', 55100437, 58574607);
INSERT INTO public.movie_gross VALUES ('Mars Needs Moms', '2011-03-11', 'Adventure', 'PG', 21392758, 22741603);
INSERT INTO public.movie_gross VALUES ('African Cats', '2011-04-22', 'Documentary', 'G', 15428747, 16401551);
INSERT INTO public.movie_gross VALUES ('Zokkomon', '2011-04-22', 'Adventure', 'PG', 2815, 2984);
INSERT INTO public.movie_gross VALUES ('Prom', '2011-04-29', 'Comedy', 'PG', 10130219, 10768946);
INSERT INTO public.movie_gross VALUES ('Pirates of the Caribbean: On Stranger…', '2011-05-20', 'Adventure', 'PG-13', 241063875, 256263359);
INSERT INTO public.movie_gross VALUES ('Cars 2', '2011-06-24', 'Adventure', 'G', 191450875, 203522177);
INSERT INTO public.movie_gross VALUES ('Winnie the Pooh', '2011-07-15', 'Adventure', 'G', 26692846, 28375869);
INSERT INTO public.movie_gross VALUES ('The Help', '2011-08-10', 'Drama', 'PG-13', 169705587, 180404976);
INSERT INTO public.movie_gross VALUES ('Fright Night', '2011-08-19', 'Horror', 'R', 18298649, 19452402);
INSERT INTO public.movie_gross VALUES ('Real Steel', '2011-10-07', 'Action', 'PG-13', 85463309, 90848019);
INSERT INTO public.movie_gross VALUES ('The Muppets', '2011-11-23', 'Comedy', 'PG', 88625922, 94189503);
INSERT INTO public.movie_gross VALUES ('War Horse', '2011-12-25', 'Drama', 'PG-13', 79883359, 84762149);
INSERT INTO public.movie_gross VALUES ('The Secret World of Arietty', '2012-02-17', 'Adventure', 'G', 19192510, 20325733);
INSERT INTO public.movie_gross VALUES ('John Carter', '2012-03-09', 'Adventure', 'PG-13', 73058679, 77372445);
INSERT INTO public.movie_gross VALUES ('Chimpanzee', '2012-04-20', 'Documentary', 'G', 28965459, 30675725);
INSERT INTO public.movie_gross VALUES ('The Avengers', '2012-05-04', 'Action', 'PG-13', 623279547, 660081224);
INSERT INTO public.movie_gross VALUES ('Brave', '2012-06-22', 'Adventure', 'PG', 237282182, 251292441);
INSERT INTO public.movie_gross VALUES ('People Like Us', '2012-06-29', 'Drama', 'PG-13', 12431792, 13165822);
INSERT INTO public.movie_gross VALUES ('The Odd Life of Timothy Green', '2012-08-15', 'Drama', 'PG', 51853450, 54914942);
INSERT INTO public.movie_gross VALUES ('Frankenweenie', '2012-10-05', 'Comedy', 'PG', 35287788, 37363513);
INSERT INTO public.movie_gross VALUES ('Wreck-It Ralph', '2012-11-02', 'Adventure', 'PG', 189412677, 200354959);
INSERT INTO public.movie_gross VALUES ('Lincoln', '2012-11-09', 'Drama', 'PG-13', 182207973, 192122330);
INSERT INTO public.movie_gross VALUES ('Oz the Great and Powerful', '2013-03-08', 'Adventure', 'PG', 234770996, 243434130);
INSERT INTO public.movie_gross VALUES ('Iron Man 3', '2013-05-03', 'Action', 'PG-13', 408992272, 424084233);
INSERT INTO public.movie_gross VALUES ('Monsters University', '2013-06-21', 'Adventure', 'G', 268488329, 278395641);
INSERT INTO public.movie_gross VALUES ('The Lone Ranger', '2013-07-02', 'Western', 'PG-13', 89302115, 92597388);
INSERT INTO public.movie_gross VALUES ('Disney Planes', '2013-08-09', 'Comedy', 'PG', 90282580, 93614037);
INSERT INTO public.movie_gross VALUES ('The Fifth Estate', '2013-10-18', 'Drama', 'R', 3254172, 3374251);
INSERT INTO public.movie_gross VALUES ('Thor: The Dark World', '2013-11-08', 'Adventure', 'PG-13', 206362140, 213962184);
INSERT INTO public.movie_gross VALUES ('Kaze Tachinu', '2013-11-08', 'Drama', 'PG-13', 5201879, 5367415);
INSERT INTO public.movie_gross VALUES ('Frozen', '2013-11-22', 'Adventure', 'PG', 400738009, 414997174);
INSERT INTO public.movie_gross VALUES ('Delivery Man', '2013-11-22', 'Comedy', 'PG-13', 30659817, 31787136);
INSERT INTO public.movie_gross VALUES ('Saving Mr. Banks', '2013-12-13', 'Drama', 'PG-13', 83299761, 86249969);
INSERT INTO public.movie_gross VALUES ('Need for Speed', '2014-03-14', 'Action', 'PG-13', 43568507, 44955015);
INSERT INTO public.movie_gross VALUES ('Muppets Most Wanted', '2014-03-21', 'Comedy', 'PG', 51178893, 52807594);
INSERT INTO public.movie_gross VALUES ('Captain America: The Winter Soldier', '2014-04-04', 'Action', 'PG-13', 259746958, 268013076);
INSERT INTO public.movie_gross VALUES ('Bears', '2014-04-18', 'Documentary', 'G', 17780194, 18346024);
INSERT INTO public.movie_gross VALUES ('Million Dollar Arm', '2014-05-10', 'Drama', 'PG', 36447959, 37607865);
INSERT INTO public.movie_gross VALUES ('Maleficent', '2014-05-30', 'Adventure', 'PG', 241407328, 249089809);
INSERT INTO public.movie_gross VALUES ('Planes: Fire and Rescue', '2014-07-18', 'Adventure', 'PG', 59157732, 61040349);
INSERT INTO public.movie_gross VALUES ('Guardians of the Galaxy', '2014-08-01', 'Adventure', 'PG-13', 333172112, 343771168);
INSERT INTO public.movie_gross VALUES ('The Hundred-Foot Journey', '2014-08-08', 'Romantic Comedy', 'PG', 54235441, 55961409);
INSERT INTO public.movie_gross VALUES ('Alexander and the Terrible, Horrible,…', '2014-10-10', 'Comedy', 'PG', 66954149, 69055550);
INSERT INTO public.movie_gross VALUES ('Big Hero 6', '2014-11-07', 'Adventure', 'PG', 222527828, 229249222);
INSERT INTO public.movie_gross VALUES ('Into the Woods', '2014-12-25', 'Musical', 'PG', 128002372, 130894237);
INSERT INTO public.movie_gross VALUES ('Strange Magic', '2015-01-23', 'Adventure', 'PG', 12429583, 12429583);
INSERT INTO public.movie_gross VALUES ('McFarland, USA', '2015-02-20', 'Drama', 'PG', 44480275, 44480275);
INSERT INTO public.movie_gross VALUES ('Cinderella', '2015-03-13', 'Drama', 'PG', 201151353, 201151353);
INSERT INTO public.movie_gross VALUES ('Monkey Kingdom', '2015-04-17', 'Documentary', 'G', 16432322, 16432322);
INSERT INTO public.movie_gross VALUES ('Avengers: Age of Ultron', '2015-05-01', 'Action', 'PG-13', 459005868, 459005868);
INSERT INTO public.movie_gross VALUES ('Tomorrowland', '2015-05-22', 'Adventure', 'PG', 93436322, 93436322);
INSERT INTO public.movie_gross VALUES ('Inside Out', '2015-06-19', 'Adventure', 'PG', 356461711, 356461711);
INSERT INTO public.movie_gross VALUES ('Ant-Man', '2015-07-17', 'Action', 'PG-13', 180202163, 180202163);
INSERT INTO public.movie_gross VALUES ('Bridge of Spies', '2015-10-16', 'Thriller/Suspense', 'PG-13', 72313754, 72313754);
INSERT INTO public.movie_gross VALUES ('The Good Dinosaur', '2015-11-25', 'Adventure', 'PG', 123087120, 123087120);
INSERT INTO public.movie_gross VALUES ('Star Wars Ep. VII: The Force Awakens', '2015-12-18', 'Adventure', 'PG-13', 936662225, 936662225);
INSERT INTO public.movie_gross VALUES ('The Finest Hours', '2016-01-29', 'Thriller/Suspense', 'PG', 27569558, 27569558);
INSERT INTO public.movie_gross VALUES ('Zootopia', '2016-03-04', 'Adventure', 'PG', 341268248, 341268248);
INSERT INTO public.movie_gross VALUES ('The Jungle Book', '2016-04-15', 'Adventure', 'PG', 364001123, 364001123);
INSERT INTO public.movie_gross VALUES ('A Beautiful Planet', '2016-04-29', 'Documentary', 'G', 7895708, 7895708);
INSERT INTO public.movie_gross VALUES ('Captain America: Civil War', '2016-05-06', 'Action', 'PG-13', 408084349, 408084349);
INSERT INTO public.movie_gross VALUES ('Alice Through the Looking Glass', '2016-05-27', 'Adventure', 'PG', 77042381, 77042381);
INSERT INTO public.movie_gross VALUES ('Finding Dory', '2016-06-17', 'Adventure', 'PG', 486295561, 486295561);
INSERT INTO public.movie_gross VALUES ('The BFG', '2016-07-01', 'Adventure', 'PG', 55483770, 55483770);
INSERT INTO public.movie_gross VALUES ('Pete’s Dragon', '2016-08-12', 'Adventure', 'PG', 76233151, 76233151);
INSERT INTO public.movie_gross VALUES ('The Light Between Oceans', '2016-09-02', 'Drama', 'PG-13', 12545979, 12545979);
INSERT INTO public.movie_gross VALUES ('Queen of Katwe', '2016-09-23', 'Drama', 'PG', 8874389, 8874389);
INSERT INTO public.movie_gross VALUES ('Doctor Strange', '2016-11-04', 'Adventure', 'PG-13', 232532923, 232532923);
INSERT INTO public.movie_gross VALUES ('Moana', '2016-11-23', 'Adventure', 'PG', 246082029, 246082029);
INSERT INTO public.movie_gross VALUES ('Rogue One: A Star Wars Story', '2016-12-16', 'Adventure', 'PG-13', 529483936, 529483936);


--
-- TOC entry 3075 (class 0 OID 16405)
-- Dependencies: 199
-- Data for Name: revenue; Type: TABLE DATA; Schema: public; Owner: postgres
--

INSERT INTO public.revenue VALUES (1991, 2593, 724, NULL, 2794, NULL, 6111);
INSERT INTO public.revenue VALUES (1992, 3115, 1081, NULL, 3306, NULL, 7502);
INSERT INTO public.revenue VALUES (1993, 3673.40000000000009, 1415.09999999999991, NULL, 3440.69999999999982, NULL, 8529);
INSERT INTO public.revenue VALUES (1994, 4793, 1798.20000000000005, NULL, 3463.59999999999991, 359, 10414);
INSERT INTO public.revenue VALUES (1995, 6001.5, 2150, NULL, 3959.80000000000018, 414, 12525);
INSERT INTO public.revenue VALUES (1996, NULL, NULL, NULL, 4502, 4142, 18739);
INSERT INTO public.revenue VALUES (1997, 6981, 3782, 174, 5014, 6522, 22473);
INSERT INTO public.revenue VALUES (1998, 6849, 3193, 260, 5532, 7142, 22976);
INSERT INTO public.revenue VALUES (1999, 6548, 3030, 206, 6106, 7512, 23402);
INSERT INTO public.revenue VALUES (2000, 5994, 2602, 368, 6803, 9615, 25402);
INSERT INTO public.revenue VALUES (2001, 7004, 2590, NULL, 6009, 9569, 25790);
INSERT INTO public.revenue VALUES (2002, 6465, 2440, NULL, 6691, 9733, 25360);
INSERT INTO public.revenue VALUES (2003, 7364, 2344, NULL, 6412, 10941, 27061);
INSERT INTO public.revenue VALUES (2004, 8713, 2511, NULL, 7750, 11778, 30752);
INSERT INTO public.revenue VALUES (2005, 7587, 2127, NULL, 9023, 13207, 31944);
INSERT INTO public.revenue VALUES (2006, 7529, 2193, NULL, 9925, 14368, 34285);
INSERT INTO public.revenue VALUES (2007, 7491, 2347, NULL, 10626, 15046, 35510);
INSERT INTO public.revenue VALUES (2008, 7348, 2415, 719, 11504, 15857, 37843);
INSERT INTO public.revenue VALUES (2009, 6136, 2425, 712, 10667, 16209, 36149);
INSERT INTO public.revenue VALUES (2010, 6701, 2678, 761, 10761, 17162, 38063);
INSERT INTO public.revenue VALUES (2011, 6351, 3049, 982, 11797, 18714, 40893);
INSERT INTO public.revenue VALUES (2012, 5825, 3252, 845, 12920, 19436, 42278);
INSERT INTO public.revenue VALUES (2013, 5979, 3555, 1064, 14087, 20356, 45041);
INSERT INTO public.revenue VALUES (2014, 7278, 3985, 1299, 15099, 21152, 48813);
INSERT INTO public.revenue VALUES (2015, 7366, 4499, 1174, 16162, 23264, 52465);
INSERT INTO public.revenue VALUES (2016, 9441, NULL, NULL, 16974, 23689, 55632);


--
-- TOC entry 3076 (class 0 OID 16408)
-- Dependencies: 200
-- Data for Name: voice_actor; Type: TABLE DATA; Schema: public; Owner: postgres
--

INSERT INTO public.voice_actor VALUES ('Abby Mallard', 'Joan Cusack', 'Chicken Little');
INSERT INTO public.voice_actor VALUES ('Abigail Gabble', 'Monica Evans', 'The Aristocats');
INSERT INTO public.voice_actor VALUES ('Abis Mal', 'Jason Alexander', 'The Return of Jafar');
INSERT INTO public.voice_actor VALUES ('Abu', 'Frank Welker', 'Aladdin');
INSERT INTO public.voice_actor VALUES ('Achilles', 'None', 'The Hunchback of Notre Dame');
INSERT INTO public.voice_actor VALUES ('Adella', 'Sherry Lynn', 'The Little Mermaid');
INSERT INTO public.voice_actor VALUES ('Adorabeezle Winterpop', 'None', 'Wreck-It Ralph');
INSERT INTO public.voice_actor VALUES ('The Agent', 'Greg Germann', 'Bolt');
INSERT INTO public.voice_actor VALUES ('Agent Wendy Pleakley', 'Kevin McDonald', 'Lilo & Stitch');
INSERT INTO public.voice_actor VALUES ('Ajax the Gorilla', 'None', 'Donald Duck and the Gorilla');
INSERT INTO public.voice_actor VALUES ('Akela', 'John Abbott', 'The Jungle Book');
INSERT INTO public.voice_actor VALUES ('Al the Alligator', 'Thurl Ravenscroft', 'Lady and the Tramp');
INSERT INTO public.voice_actor VALUES ('Aladar', 'D. B. Sweeney', 'Dinosaur');
INSERT INTO public.voice_actor VALUES ('Aladdin', 'Scott Weinger; Brad Kane', 'Aladdin');
INSERT INTO public.voice_actor VALUES ('Alameda Slim', 'Randy Quaid', 'Home on the Range');
INSERT INTO public.voice_actor VALUES ('Alan-a-Dale', 'Roger Miller', 'Robin Hood');
INSERT INTO public.voice_actor VALUES ('Alana', 'Kimmy Robertson', 'The Little Mermaid');
INSERT INTO public.voice_actor VALUES ('Alcmene', 'Barbara Barrie', 'Hercules');
INSERT INTO public.voice_actor VALUES ('Alice', 'Kathryn Beaumont', 'Alice in Wonderland');
INSERT INTO public.voice_actor VALUES ('Alice Bluebonnet', 'None', 'Make Mine Music');
INSERT INTO public.voice_actor VALUES ('Alice''s Sister', 'Heather Angel', 'Alice in Wonderland');
INSERT INTO public.voice_actor VALUES ('Amelia Gabble', 'Carole Shelley', 'The Aristocats');
INSERT INTO public.voice_actor VALUES ('Amos Slade', 'Jack Albertson', 'The Fox and the Hound');
INSERT INTO public.voice_actor VALUES ('Amphitryon', 'Hal Holbrook', 'Hercules');
INSERT INTO public.voice_actor VALUES ('Anastasia Tremaine', 'Lucille Bliss', 'Cinderella');
INSERT INTO public.voice_actor VALUES ('Anda', 'Andrea Martin', 'Brother Bear 2');
INSERT INTO public.voice_actor VALUES ('Andrina', 'Tara Strong', 'The Little Mermaid');
INSERT INTO public.voice_actor VALUES ('Angel', 'Alyssa Milano', 'Lady and the Tramp II: Scamp''s Adventure');
INSERT INTO public.voice_actor VALUES ('Angelique', 'Bernadette Peters', 'Beauty and the Beast: The Enchanted Christmas');
INSERT INTO public.voice_actor VALUES ('Angus MacBadger', 'Campbell Grant', 'The Adventures of Ichabod and Mr. Toad');
INSERT INTO public.voice_actor VALUES ('Anita Radcliffe', 'Lisa Davis', '101 Dalmatians');
INSERT INTO public.voice_actor VALUES ('Anna', 'Kristen Bell', 'Frozen');
INSERT INTO public.voice_actor VALUES ('Annette', 'Debi Derryberry', 'Lady and the Tramp II: Scamp''s Adventure');
INSERT INTO public.voice_actor VALUES ('April', 'None', 'House of Mouse');
INSERT INTO public.voice_actor VALUES ('Apollo', 'Keith David', 'Hercules');
INSERT INTO public.voice_actor VALUES ('Aquata', 'Grey DeLisle; Mona Marshall', 'The Little Mermaid');
INSERT INTO public.voice_actor VALUES ('Aracuan Bird', 'Pinto Colvig', 'The Three Caballeros');
INSERT INTO public.voice_actor VALUES ('The Archdeacon', 'David Ogden Stiers', 'The Hunchback of Notre Dame');
INSERT INTO public.voice_actor VALUES ('Archimedes Q. Porter', 'Nigel Hawthorne', 'Tarzan');
INSERT INTO public.voice_actor VALUES ('Archimedes', 'Junius Matthews', 'The Sword in the Stone');
INSERT INTO public.voice_actor VALUES ('Ariel', 'Jodi Benson', 'The Little Mermaid');
INSERT INTO public.voice_actor VALUES ('Arista', 'Kimmy Robertson', 'The Little Mermaid');
INSERT INTO public.voice_actor VALUES ('Armoire', 'Jo Anne Worley', 'Beauty and the Beast');
INSERT INTO public.voice_actor VALUES ('Arthur/Wart', 'Rickie Sorensen', 'The Sword in the Stone');
INSERT INTO public.voice_actor VALUES ('Arthur/Wart', 'Richard Reitherman', 'The Sword in the Stone');
INSERT INTO public.voice_actor VALUES ('Arthur/Wart', 'Robert Reitherman', 'The Sword in the Stone');
INSERT INTO public.voice_actor VALUES ('Arthur', 'David Lander', 'Jungle Cubs');
INSERT INTO public.voice_actor VALUES ('Assistant Mayor Dawn Bellwether', 'Jenny Slate', 'Zootopia');
INSERT INTO public.voice_actor VALUES ('Atka', 'Jeff Bennett', 'Brother Bear 2');
INSERT INTO public.voice_actor VALUES ('Atropos', 'Paddi Edwards', 'Hercules');
INSERT INTO public.voice_actor VALUES ('Attina', 'Kari Wahlgren', 'The Little Mermaid');
INSERT INTO public.voice_actor VALUES ('Audrey the Chicken', 'Estelle Harris', 'Home on the Range');
INSERT INTO public.voice_actor VALUES ('Audrey Ramirez', 'Jacqueline Obradors', 'Atlantis: The Lost Empire');
INSERT INTO public.voice_actor VALUES ('Aunt Sarah', 'Verna Felton', 'Lady and the Tramp');
INSERT INTO public.voice_actor VALUES ('Aunt Siqiniq', 'Wendie Malick', 'Brother Bear 2');
INSERT INTO public.voice_actor VALUES ('Aunt Taqqiq', 'Kathy Najimy', 'Brother Bear 2');
INSERT INTO public.voice_actor VALUES ('Aurora', 'Mary Costa', 'Sleeping Beauty');
INSERT INTO public.voice_actor VALUES ('Axe', 'Jeff Bennett', 'Beauty and the Beast: The Enchanted Christmas');
INSERT INTO public.voice_actor VALUES ('B.E.N.', 'Martin Short', 'Treasure Planet');
INSERT INTO public.voice_actor VALUES ('Babette', 'Mary Kay Bergman', 'Beauty and the Beast');
INSERT INTO public.voice_actor VALUES ('Babyface Beagle', 'Terry McGovern', 'DuckTales');
INSERT INTO public.voice_actor VALUES ('Baby Red Bird', 'Tress MacNeille', 'Mickey Mouse Clubhouse');
INSERT INTO public.voice_actor VALUES ('Baby Herman', 'April Winchell', 'Who Framed Roger Rabbit');
INSERT INTO public.voice_actor VALUES ('Baby Herman', 'Lou Hirsch', 'Who Framed Roger Rabbit');
INSERT INTO public.voice_actor VALUES ('Backwoods Beagle', 'Danny Mann', 'DuckTales');
INSERT INTO public.voice_actor VALUES ('Bacon Beagle', 'None', 'DuckTales');
INSERT INTO public.voice_actor VALUES ('Baggy Beagle', 'Frank Welker', 'DuckTales');
INSERT INTO public.voice_actor VALUES ('Bagheera', 'Sebastian Cabot', 'The Jungle Book');
INSERT INTO public.voice_actor VALUES ('Baileywick', 'Tim Gunn', 'Sofia the First');
INSERT INTO public.voice_actor VALUES ('Baker', 'Alex Murphey', 'Beauty and the Beast');
INSERT INTO public.voice_actor VALUES ('Baker', 'Rob Paulsen', 'Cinderella II: Dreams Come True');
INSERT INTO public.voice_actor VALUES ('Ballerina', 'None', 'Fantasia 2000');
INSERT INTO public.voice_actor VALUES ('Baloo Bear', 'Phil Harris', 'The Jungle Book');
INSERT INTO public.voice_actor VALUES ('Bambi', 'Donnie Dunagan', 'Bambi');
INSERT INTO public.voice_actor VALUES ('Bambi', 'Hardie Albright', 'Bambi');
INSERT INTO public.voice_actor VALUES ('Bambi', 'Alexander Gould', 'Bambi');
INSERT INTO public.voice_actor VALUES ('Bambi''s Mother', 'Paula Winslowe; Carolyn Hennesy', 'Bambi');
INSERT INTO public.voice_actor VALUES ('Banzai', 'Cheech Marin', 'The Lion King');
INSERT INTO public.voice_actor VALUES ('Bankjob Beagle', 'Peter Cullen', 'DuckTales');
INSERT INTO public.voice_actor VALUES ('Bartholomew', 'Barrie Ingham', 'The Great Mouse Detective');
INSERT INTO public.voice_actor VALUES ('Bashful', 'Scotty Mattraw', 'Snow White and the Seven Dwarfs');
INSERT INTO public.voice_actor VALUES ('Basil of Baker Street', 'Barrie Ingham', 'The Great Mouse Detective');
INSERT INTO public.voice_actor VALUES ('Baylene', 'Joan Plowright', 'Dinosaur');
INSERT INTO public.voice_actor VALUES ('Bear', 'Dal McKennon', 'Bedknobs and Broomsticks');
INSERT INTO public.voice_actor VALUES ('Beary Barrington', 'Haley Joel Osment', 'The Country Bears');
INSERT INTO public.voice_actor VALUES ('Beast', 'Robby Benson', 'Beauty and the Beast');
INSERT INTO public.voice_actor VALUES ('Beaver', 'Stan Freberg', 'Lady and the Tramp');
INSERT INTO public.voice_actor VALUES ('Bella', 'Frank Welker', 'Mickey Mouse Clubhouse');
INSERT INTO public.voice_actor VALUES ('Belle', 'Paige O''Hara', 'Beauty and the Beast');
INSERT INTO public.voice_actor VALUES ('Ben', 'Billy Connolly', 'Pocahontas');
INSERT INTO public.voice_actor VALUES ('Ben Ali Gator', 'Jim Cummings', 'Fantasia');
INSERT INTO public.voice_actor VALUES ('Benjamin Clawhauser', 'Nate Torrence', 'Zootopia');
INSERT INTO public.voice_actor VALUES ('Benny the Cab', 'Charles Fleischer', 'Who Framed Roger Rabbit');
INSERT INTO public.voice_actor VALUES ('Bent-Tail the Coyote', 'Unknown', 'The Legend of Coyote Rock');
INSERT INTO public.voice_actor VALUES ('Bent-Tail Junior', 'Unknown', 'Sheep Dog');
INSERT INTO public.voice_actor VALUES ('Bentina Beakley', 'Joan Gerber', 'DuckTales');
INSERT INTO public.voice_actor VALUES ('Beret Girl', 'Vicki Lewis', 'An Extremely Goofy Movie');
INSERT INTO public.voice_actor VALUES ('Berlioz', 'Dean Clark', 'The Aristocats');
INSERT INTO public.voice_actor VALUES ('Bernard', 'Bob Newheart', 'The Rescuers');
INSERT INTO public.voice_actor VALUES ('Big Al', 'James Gammon', 'The Country Bears');
INSERT INTO public.voice_actor VALUES ('Big Bad Wolf', 'Billy Bletcher', 'Three Little Pigs');
INSERT INTO public.voice_actor VALUES ('Big Mama', 'Pearl Bailey', 'The Fox and the Hound');
INSERT INTO public.voice_actor VALUES ('Bigtime Beagle', 'Frank Welker', 'DuckTales');
INSERT INTO public.voice_actor VALUES ('Bill the Lizard', 'Larry Grey', 'Alice in Wonderland');
INSERT INTO public.voice_actor VALUES ('Billy Boss', 'Thurl Ravenscroft', 'The Aristocats');
INSERT INTO public.voice_actor VALUES ('Billy Bones', 'Patrick McGoohan', 'Treasure Planet');
INSERT INTO public.voice_actor VALUES ('Bimbette', 'Kath Soucie', 'Beauty and the Beast');
INSERT INTO public.voice_actor VALUES ('Binkie Muddlefoot', 'Susan Tolsky', 'Darkwing Duck');
INSERT INTO public.voice_actor VALUES ('Binky Beagle', 'None', 'DuckTales');
INSERT INTO public.voice_actor VALUES ('Black Bart', 'Thurl Ravenscroft', 'The Sword in the Stone');
INSERT INTO public.voice_actor VALUES ('Blake', 'Nick Swardson', 'Bolt');
INSERT INTO public.voice_actor VALUES ('Blaze', 'None', 'Tinker Bell and the Lost Treasure');
INSERT INTO public.voice_actor VALUES ('Blue Fairy', 'Evelyn Venable', 'Pinocchio');
INSERT INTO public.voice_actor VALUES ('Bobble', 'Rob Paulsen', 'Disney Fairies');
INSERT INTO public.voice_actor VALUES ('Bolt', 'John Travolta', 'Bolt');
INSERT INTO public.voice_actor VALUES ('Bomber Beagle', 'Robert Ridgely', 'DuckTales');
INSERT INTO public.voice_actor VALUES ('Bonnie Hopps', 'Bonnie Hunt', 'Zootopia');
INSERT INTO public.voice_actor VALUES ('Bookseller', 'Alvin Epstein', 'Beauty and the Beast');
INSERT INTO public.voice_actor VALUES ('Boomer', 'Paul Winchell', 'The Fox and the Hound');
INSERT INTO public.voice_actor VALUES ('Bonkers D. Bobcat', 'Jim Cummings', 'Bonkers');
INSERT INTO public.voice_actor VALUES ('Boss Beaver', 'Brad Garrett', 'Timon and Pumbaa');
INSERT INTO public.voice_actor VALUES ('Bouncer Beagle', 'Chuck McCann', 'DuckTales');
INSERT INTO public.voice_actor VALUES ('Bowler Hat Guy', 'Stephen J. Anderson', 'Meet the Robinsons');
INSERT INTO public.voice_actor VALUES ('Br''er Bear', 'Nick Stewart', 'Song of the South');
INSERT INTO public.voice_actor VALUES ('Br''er Fox', 'James Baskett', 'Song of the South');
INSERT INTO public.voice_actor VALUES ('Br''er Rabbit', 'Johnny Lee', 'Song of the South');
INSERT INTO public.voice_actor VALUES ('Bradley Uppercrust III', 'Jeff Bennett', 'An Extremely Goofy Movie');
INSERT INTO public.voice_actor VALUES ('Bruno the Dog', 'Jimmy MacDonald; Frank Welker', 'Cinderella');
INSERT INTO public.voice_actor VALUES ('Bruton', 'Peter Siragusa', 'Dinosaur');
INSERT INTO public.voice_actor VALUES ('Brutus and Nero', 'Candy Candido', 'The Rescuers');
INSERT INTO public.voice_actor VALUES ('Buck', 'Cuba Gooding Jr.', 'Home on the Range');
INSERT INTO public.voice_actor VALUES ('Buck Cluck', 'Garry Marshall', 'Chicken Little');
INSERT INTO public.voice_actor VALUES ('Bucky Bug', 'None', 'Silly Symphonies');
INSERT INTO public.voice_actor VALUES ('Bucky Oryx-Antlerson', 'Byron Howard', 'Zootopia');
INSERT INTO public.voice_actor VALUES ('Bucky the Squirrel', 'Bob Bergen', 'The Emperor''s New Groove');
INSERT INTO public.voice_actor VALUES ('Buford the Cook', 'Michael Colyar', 'The Princess and the Frog');
INSERT INTO public.voice_actor VALUES ('Bugle Beagle', 'Brian Cummings', 'DuckTales');
INSERT INTO public.voice_actor VALUES ('Burger Beagle', 'Chuck McCann', 'DuckTales');
INSERT INTO public.voice_actor VALUES ('Buster', 'Chazz Palminteri', 'Lady and the Tramp II: Scamp''s Adventure');
INSERT INTO public.voice_actor VALUES ('Butch the Bulldog', 'Frank Welker', 'Bone Trouble');
INSERT INTO public.voice_actor VALUES ('Buzzie the Vulture', 'J. Pat O''Malley', 'The Jungle Book');
INSERT INTO public.voice_actor VALUES ('Cadpig', 'Kath Soucie', '101 Dalmatians: The Series');
INSERT INTO public.voice_actor VALUES ('Calliope', 'Lillias White', 'Hercules');
INSERT INTO public.voice_actor VALUES ('Candlehead', 'Katie Lowes', 'Wreck-It Ralph');
INSERT INTO public.voice_actor VALUES ('The Captain', 'Thurl Ravenscroft', 'One Hundred and One Dalmatians');
INSERT INTO public.voice_actor VALUES ('Captain Amelia', 'Emma Thompson', 'Treasure Planet');
INSERT INTO public.voice_actor VALUES ('Captain Hook', 'Hans Conried', 'Peter Pan');
INSERT INTO public.voice_actor VALUES ('Captain John Smith', 'Mel Gibson', 'Pocahontas');
INSERT INTO public.voice_actor VALUES ('Captain Phoebus', 'Kevin Kline', 'The Hunchback of Notre Dame');
INSERT INTO public.voice_actor VALUES ('Carl the Robot', 'Harland Williams', 'Meet the Robinsons');
INSERT INTO public.voice_actor VALUES ('Carlotta the Maid', 'Edie McClurg', 'The Little Mermaid');
INSERT INTO public.voice_actor VALUES ('The Carpenter', 'J. Pat O''Malley', 'Alice in Wonderland');
INSERT INTO public.voice_actor VALUES ('Casey Junior', 'Margaret Wright', 'Dumbo');
INSERT INTO public.voice_actor VALUES ('Cash', 'Patrick Swayze', 'The Fox and the Hound 2');
INSERT INTO public.voice_actor VALUES ('Cassim', 'John Rhys-Davies', 'Aladdin and the King of Thieves');
INSERT INTO public.voice_actor VALUES ('The Caterpillar', 'Richard Haydn', 'Alice in Wonderland');
INSERT INTO public.voice_actor VALUES ('Catty the Elephant', 'Noreen Gammill', 'Dumbo');
INSERT INTO public.voice_actor VALUES ('Cecil the Vulture', 'Michael McKean', 'Jungle Cubs');
INSERT INTO public.voice_actor VALUES ('Cedric the Sorcerer', 'Jess Harnell', 'Sofia the First');
INSERT INTO public.voice_actor VALUES ('Chaca', 'Kellyann Kelso', 'The Emperor''s New Groove');
INSERT INTO public.voice_actor VALUES ('Chandeleria', 'April Winchell', 'Belle''s Magical World');
INSERT INTO public.voice_actor VALUES ('Chair Mouse', 'Bernard Fox', 'The Rescuers');
INSERT INTO public.voice_actor VALUES ('Chainsaw', 'Frank Welker', 'Goof Troop');
INSERT INTO public.voice_actor VALUES ('Charlotte La Bouff', 'Jennifer Cody', 'The Princess and the Frog');
INSERT INTO public.voice_actor VALUES ('Cheetata and Cheetato', 'Rob Paulsen; Jim Cummings', 'Timon and Pumbaa');
INSERT INTO public.voice_actor VALUES ('Chef Bouche', 'Brian Cummings', 'Beauty and the Beast');
INSERT INTO public.voice_actor VALUES ('Chef Louis', 'Rene Auberjonois', 'The Little Mermaid');
INSERT INTO public.voice_actor VALUES ('Chernabog', 'Corey Burton', 'Fantasia');
INSERT INTO public.voice_actor VALUES ('Cheshire Cat', 'Sterling Holloway', 'Alice in Wonderland');
INSERT INTO public.voice_actor VALUES ('Chi-Fu', 'James Hong', 'Mulan');
INSERT INTO public.voice_actor VALUES ('Chicha', 'Wendie Malick', 'The Emperor''s New Groove');
INSERT INTO public.voice_actor VALUES ('Chicken Little', 'Zach Braff', 'Chicken Little');
INSERT INTO public.voice_actor VALUES ('Chief', 'Pat Buttram', 'The Fox and the Hound');
INSERT INTO public.voice_actor VALUES ('Chief Bogo', 'Idris Elba', 'Zootopia');
INSERT INTO public.voice_actor VALUES ('Chief Powhatan', 'Russell Means', 'Pocahontas');
INSERT INTO public.voice_actor VALUES ('Chien-Po', 'Jerry Tondo', 'Mulan');
INSERT INTO public.voice_actor VALUES ('Chip', 'James MacDonald', 'Private Pluto');
INSERT INTO public.voice_actor VALUES ('Chip Potts', 'Bradley Michael Pierce', 'Beauty and the Beast');
INSERT INTO public.voice_actor VALUES ('Christopher Robin', 'Bruce Reitherman', 'Winnie the Pooh and the Honey Tree');
INSERT INTO public.voice_actor VALUES ('Cinderella', 'Ilene Woods', 'Cinderella');
INSERT INTO public.voice_actor VALUES ('Circus Animals', 'None', 'Dumbo');
INSERT INTO public.voice_actor VALUES ('Clank', 'Jeff Bennett', 'Disney Fairies');
INSERT INTO public.voice_actor VALUES ('Clara Cluck', 'Florence Gill', 'Orphan''s Benefit');
INSERT INTO public.voice_actor VALUES ('Clarabelle Cow', 'Marcellite Garner', 'Plane Crazy');
INSERT INTO public.voice_actor VALUES ('Clayton', 'Brian Blessed', 'Tarzan');
INSERT INTO public.voice_actor VALUES ('Cleo', 'None', 'Pinocchio');
INSERT INTO public.voice_actor VALUES ('Clio', 'Vanéese Y. Thomas', 'Hercules');
INSERT INTO public.voice_actor VALUES ('Cloak and Dagger', 'None', 'The Little Mermaid II: Return to the Sea');
INSERT INTO public.voice_actor VALUES ('Clopin Trouillefou', 'Paul Kandel', 'The Hunchback of Notre Dame');
INSERT INTO public.voice_actor VALUES ('Clotho', 'Amanda Plummer', 'Hercules');
INSERT INTO public.voice_actor VALUES ('Clover', 'Wayne Brady', 'Sofia the First');
INSERT INTO public.voice_actor VALUES ('The Coachman', 'Charles Judels', 'Pinocchio');
INSERT INTO public.voice_actor VALUES ('Cobra Bubbles', 'Ving Rhames', 'Lilo & Stitch');
INSERT INTO public.voice_actor VALUES ('Codfish', 'Robert Holt', 'Bedknobs and Broomsticks');
INSERT INTO public.voice_actor VALUES ('Cody', 'Adam Ryen', 'The Rescuers Down Under');
INSERT INTO public.voice_actor VALUES ('Cogsworth', 'David Ogden Stiers', 'Beauty and the Beast');
INSERT INTO public.voice_actor VALUES ('Colette', 'Kath Soucie', 'Lady and the Tramp II: Scamp''s Adventure');
INSERT INTO public.voice_actor VALUES ('The Colonel', 'J. Pat O''Malley', '101 Dalmatians');
INSERT INTO public.voice_actor VALUES ('Colonel Hathi', 'J. Pat O''Malley', 'The Jungle Book');
INSERT INTO public.voice_actor VALUES ('Commander Lyle Rourke', 'James Garner', 'Atlantis: The Lost Empire');
INSERT INTO public.voice_actor VALUES ('Cookie', 'Jim Varney', 'Atlantis: The Lost Empire');
INSERT INTO public.voice_actor VALUES ('Copper', 'Corey Feldman; Kurt Russell', 'The Fox and the Hound');
INSERT INTO public.voice_actor VALUES ('Cornelius Robinson', 'Tom Selleck', 'Meet the Robinsons');
INSERT INTO public.voice_actor VALUES ('Cousin Randy', 'Randy Newman', 'The Princess and the Frog');
INSERT INTO public.voice_actor VALUES ('Crane', 'Jeff Bennett', 'Belle''s Magical World');
INSERT INTO public.voice_actor VALUES ('Creeper', 'Phil Fondacaro', 'The Black Cauldron');
INSERT INTO public.voice_actor VALUES ('Cri-Kee', 'None', 'Mulan');
INSERT INTO public.voice_actor VALUES ('The Crocodile (Tick Tock)', 'None', 'Peter Pan');
INSERT INTO public.voice_actor VALUES ('Cruella de Vil', 'Betty Lou Gerson', '101 Dalmatians');
INSERT INTO public.voice_actor VALUES ('Crumbelina DiCaramello', 'Cymbre Walk', 'Wreck-It Ralph');
INSERT INTO public.voice_actor VALUES ('Cubby', 'Robert Ellis', 'Peter Pan');
INSERT INTO public.voice_actor VALUES ('Cyril Proudbottom', 'J. Pat O''Malley', 'The Adventures of Ichabod and Mr. Toad');
INSERT INTO public.voice_actor VALUES ('Daisy Duck', 'Clarence Nash; Gloria Blondell', 'Mr. Duck Steps Out');
INSERT INTO public.voice_actor VALUES ('Dale', 'Dessie Flynn; Corey Burton', 'Private Pluto');
INSERT INTO public.voice_actor VALUES ('Dallben', 'Freddie Jones', 'The Black Cauldron');
INSERT INTO public.voice_actor VALUES ('Danielle', 'Kath Soucie', 'Lady and the Tramp II: Scamp''s Adventure');
INSERT INTO public.voice_actor VALUES ('Danny', 'Andrew McDonough', 'Return to Never Land');
INSERT INTO public.voice_actor VALUES ('Darby', 'Chloë Grace Moretz', 'My Friends Tigger & Pooh');
INSERT INTO public.voice_actor VALUES ('Darling', 'Peggy Lee', 'Lady and the Tramp');
INSERT INTO public.voice_actor VALUES ('Dash', 'Stephen Furst', 'The Little Mermaid II: Return to the Sea');
INSERT INTO public.voice_actor VALUES ('David Kawena', 'Jason Scott Lee', 'Lilo & Stitch');
INSERT INTO public.voice_actor VALUES ('Demetrius', 'Wayne Knight', 'Hercules');
INSERT INTO public.voice_actor VALUES ('Denahi', 'Jason Raize', 'Brother Bear');
INSERT INTO public.voice_actor VALUES ('Derek Blunt', 'Peter Renaday', 'Darkwing Duck');
INSERT INTO public.voice_actor VALUES ('DeSoto', 'Carl Weintraub', 'Oliver & Company');
INSERT INTO public.voice_actor VALUES ('Dewey', 'Clarence Nash; Russi Taylor', 'Donald''s Nephews');
INSERT INTO public.voice_actor VALUES ('Dex Barrington', 'Justin Berfield', 'The Country Bears');
INSERT INTO public.voice_actor VALUES ('Diablo', 'None', 'Sleeping Beauty');
INSERT INTO public.voice_actor VALUES ('Digger the Mole', 'Dub Taylor', 'The Rescuers');
INSERT INTO public.voice_actor VALUES ('Dijon the Thief', 'Richard Libertini', 'DuckTales');
INSERT INTO public.voice_actor VALUES ('Dinah the Cat', 'None', 'Alice in Wonderland');
INSERT INTO public.voice_actor VALUES ('Dinah the Dachshund', 'None', 'The Sleepwalker');
INSERT INTO public.voice_actor VALUES ('Dinky', 'Richard Bakalyan', 'The Fox and the Hound');
INSERT INTO public.voice_actor VALUES ('The Director', 'James Lipton', 'Bolt');
INSERT INTO public.voice_actor VALUES ('Dixie', 'Reba McEntire', 'The Fox and the Hound 2');
INSERT INTO public.voice_actor VALUES ('Dizzie the Vulture', 'Lord Tim Hudson', 'The Jungle Book');
INSERT INTO public.voice_actor VALUES ('Djali', 'None', 'The Hunchback of Notre Dame');
INSERT INTO public.voice_actor VALUES ('Doc', 'Roy Atwell', 'Snow White and the Seven Dwarfs');
INSERT INTO public.voice_actor VALUES ('Doctor Mouse', 'Bernard Fox', 'The Rescuers Down Under');
INSERT INTO public.voice_actor VALUES ('Dodger', 'Billy Joel', 'Oliver & Company');
INSERT INTO public.voice_actor VALUES ('The Dodo', 'Bill Thompson', 'Alice in Wonderland');
INSERT INTO public.voice_actor VALUES ('The Dog Catcher', 'Jeff Bennett', 'Lady and the Tramp II: Scamp''s Adventure');
INSERT INTO public.voice_actor VALUES ('Doli', 'John Byner', 'The Black Cauldron');
INSERT INTO public.voice_actor VALUES ('Don Karnage', 'Jim Cummings', 'TaleSpin');
INSERT INTO public.voice_actor VALUES ('Donald Duck', 'Clarence Nash; Tony Anselmo', 'The Wise Little Hen');
INSERT INTO public.voice_actor VALUES ('Doofus Drake', 'Brian Cummings', 'DuckTales');
INSERT INTO public.voice_actor VALUES ('The Doorknob', 'Joseph Kearns', 'Alice in Wonderland');
INSERT INTO public.voice_actor VALUES ('The Doorman', 'Don Barclay', 'Cinderella');
INSERT INTO public.voice_actor VALUES ('Dopey', 'Eddie Collins', 'Snow White and the Seven Dwarfs');
INSERT INTO public.voice_actor VALUES ('Doris', 'Ethan Sandler', 'Meet the Robinsons');
INSERT INTO public.voice_actor VALUES ('The Dormouse', 'Jimmy MacDonald', 'Alice in Wonderland');
INSERT INTO public.voice_actor VALUES ('Doug Ramses', 'Rich Moore', 'Zootopia');
INSERT INTO public.voice_actor VALUES ('Dr. Calico', 'Malcolm McDowell', 'Bolt');
INSERT INTO public.voice_actor VALUES ('Dr. David Q. Dawson', 'Val Bettin', 'The Great Mouse Detective');
INSERT INTO public.voice_actor VALUES ('Dr. Doppler', 'David Hyde Pierce', 'Treasure Planet');
INSERT INTO public.voice_actor VALUES ('Dr. Facilier', 'Keith David', 'The Princess and the Frog');
INSERT INTO public.voice_actor VALUES ('Dr. Forrester', 'Ronn Moss', 'Bolt');
INSERT INTO public.voice_actor VALUES ('Dr. Jacques von Hamsterviel', 'Jeff Bennett', 'Stitch! The Movie');
INSERT INTO public.voice_actor VALUES ('Dr. Joshua Sweet', 'Phil Morris', 'Atlantis: The Lost Empire');
INSERT INTO public.voice_actor VALUES ('Dr. Jumba Jookiba', 'David Ogden Stiers', 'Lilo & Stitch');
INSERT INTO public.voice_actor VALUES ('Dr. Reginald Bushroot', 'Tino Insana', 'Darkwing Duck');
INSERT INTO public.voice_actor VALUES ('Drake Mallard (Darkwing Duck)', 'Jim Cummings', 'Darkwing Duck');
INSERT INTO public.voice_actor VALUES ('Drizella Tremaine', 'Rhoda Williams; Russi Taylor', 'Cinderella');
INSERT INTO public.voice_actor VALUES ('Duchess', 'Eva Gabor', 'The Aristocats');
INSERT INTO public.voice_actor VALUES ('Duchess', 'Marjorie Bennett', 'One Hundred and One Dalmatians');
INSERT INTO public.voice_actor VALUES ('Duckworth', 'Chuck McCann', 'DuckTales');
INSERT INTO public.voice_actor VALUES ('Duke', 'None', 'Fantasia 2000');
INSERT INTO public.voice_actor VALUES ('Duke of Weselton', 'Alan Tudyk', 'Frozen');
INSERT INTO public.voice_actor VALUES ('Duke Weaselton', 'Alan Tudyk', 'Zootopia');
INSERT INTO public.voice_actor VALUES ('Dumbo', 'None', 'Dumbo');
INSERT INTO public.voice_actor VALUES ('Duncan', 'Horatio Sanz', 'Wreck-It Ralph');
INSERT INTO public.voice_actor VALUES ('Ed', 'Jim Cummings', 'The Lion King');
INSERT INTO public.voice_actor VALUES ('Edgar Balthazar the Butler', 'Roddy Maude-Roxby', 'The Aristocats');
INSERT INTO public.voice_actor VALUES ('Edward', 'Roger Rees', 'Return to Never Land');
INSERT INTO public.voice_actor VALUES ('Eema', 'Della Reese', 'Dinosaur');
INSERT INTO public.voice_actor VALUES ('Eeyore', 'Ralph Wright', 'Winnie the Pooh and the Honey Tree');
INSERT INTO public.voice_actor VALUES ('Einstein', 'Richard Mulligan', 'Oliver & Company');
INSERT INTO public.voice_actor VALUES ('El Capitan', 'Jim Cummings', 'DuckTales');
INSERT INTO public.voice_actor VALUES ('Eli "Big Daddy" La Bouff', 'John Goodman', 'The Princess and the Frog');
INSERT INTO public.voice_actor VALUES ('Ellie Mae', 'Jeanette Nolan', 'The Rescuers');
INSERT INTO public.voice_actor VALUES ('Elliott', 'Charlie Callas', 'Pete''s Dragon');
INSERT INTO public.voice_actor VALUES ('Elmer Elephant', 'None', 'Silly Symphonies');
INSERT INTO public.voice_actor VALUES ('Elsa', 'Idina Menzel', 'Frozen');
INSERT INTO public.voice_actor VALUES ('Emmitt Otterton', 'None', 'Zootopia');
INSERT INTO public.voice_actor VALUES ('Emperor of China', 'Pat Morita', 'Mulan');
INSERT INTO public.voice_actor VALUES ('The Enchantress', 'Kath Soucie', 'Beauty and the Beast: The Enchanted Christmas');
INSERT INTO public.voice_actor VALUES ('Esmeralda', 'Demi Moore', 'The Hunchback of Notre Dame');
INSERT INTO public.voice_actor VALUES ('Eudora', 'Oprah Winfrey', 'The Princess and the Frog');
INSERT INTO public.voice_actor VALUES ('Evangaline', 'None', 'The Princess and the Frog');
INSERT INTO public.voice_actor VALUES ('Evinrude', 'Jimmy MacDonald', 'The Rescuers');
INSERT INTO public.voice_actor VALUES ('Fa Li', 'Freda Foh Shen', 'Mulan');
INSERT INTO public.voice_actor VALUES ('Fa Zhou', 'Soon-Tek Oh', 'Mulan');
INSERT INTO public.voice_actor VALUES ('Fagin', 'Dom DeLuise', 'Oliver & Company');
INSERT INTO public.voice_actor VALUES ('Fairy Godmother', 'Verna Felton; Russi Taylor', 'Cinderella');
INSERT INTO public.voice_actor VALUES ('Fairy Mary', 'Jane Horrocks', 'Disney Fairies');
INSERT INTO public.voice_actor VALUES ('Faline', 'Cammie King; Ann Gillis', 'Bambi');
INSERT INTO public.voice_actor VALUES ('Fall-Apart Rabbit', 'Frank Welker', 'Bonkers');
INSERT INTO public.voice_actor VALUES ('Faloo', 'Carla Meyer', 'The Rescuers Down Under');
INSERT INTO public.voice_actor VALUES ('Fat Cat', 'Jim Cummings', 'Chip ''n Dale Rescue Rangers');
INSERT INTO public.voice_actor VALUES ('Father Wolf', 'Ben Wright', 'The Jungle Book');
INSERT INTO public.voice_actor VALUES ('Fauna', 'Barbara Jo Allen', 'Sleeping Beauty');
INSERT INTO public.voice_actor VALUES ('Fawn', 'America Ferrera', 'Disney Fairies');
INSERT INTO public.voice_actor VALUES ('Felicia the Cat', 'Frank Welker', 'The Great Mouse Detective');
INSERT INTO public.voice_actor VALUES ('Fenton Crackshell (Gizmoduck)', 'Hamilton Camp', 'DuckTales');
INSERT INTO public.voice_actor VALUES ('Fenton Q. Harcourt', 'David Ogden Stiers', 'Atlantis: The Lost Empire');
INSERT INTO public.voice_actor VALUES ('Ferdie Fieldmouse', 'None', 'Mickey''s Steam Roller');
INSERT INTO public.voice_actor VALUES ('Ferdinand the Bull', 'Milt Kahl', 'Silly Symphonies');
INSERT INTO public.voice_actor VALUES ('Fflewddur Fflam', 'Nigel Hawthorne', 'The Black Cauldron');
INSERT INTO public.voice_actor VALUES ('Fidget', 'Candy Candido', 'The Great Mouse Detective');
INSERT INTO public.voice_actor VALUES ('Fiddler Pig', 'Mary Moder', 'Three Little Pigs');
INSERT INTO public.voice_actor VALUES ('Fife the Piccolo', 'Paul Reubens', 'Beauty and the Beast: The Enchanted Christmas');
INSERT INTO public.voice_actor VALUES ('Fifer Pig', 'Dorothy Compton', 'Three Little Pigs');
INSERT INTO public.voice_actor VALUES ('Fifi the Featherduster', 'Kimmy Robertson', 'Beauty and the Beast');
INSERT INTO public.voice_actor VALUES ('Figaro the Cat', 'Mel Blanc', 'Pinocchio');
INSERT INTO public.voice_actor VALUES ('Figment', 'Dave Goelz', 'Journey into Imagination with Figment');
INSERT INTO public.voice_actor VALUES ('Finnick', 'Tommy "Tiny" Lister Jr.', 'Zootopia');
INSERT INTO public.voice_actor VALUES ('First Ancestor Fa', 'George Takei', 'Mulan');
INSERT INTO public.voice_actor VALUES ('Firebird !The Firebird', 'Hugo Weaving', 'Fantasia 2000');
INSERT INTO public.voice_actor VALUES ('Fish Out of Water', 'Dan Molina', 'Chicken Little');
INSERT INTO public.voice_actor VALUES ('Fix-It Felix Jr.', 'Jack McBrayer', 'Wreck-It Ralph');
INSERT INTO public.voice_actor VALUES ('Flaps the Vulture', 'Chad Stuart', 'The Jungle Book');
INSERT INTO public.voice_actor VALUES ('Flash Slothmore', 'Raymond S. Persi', 'Zootopia');
INSERT INTO public.voice_actor VALUES ('Flintheart Glomgold', 'Hal Smith', 'DuckTales');
INSERT INTO public.voice_actor VALUES ('Flit', 'Frank Welker', 'Pocahontas');
INSERT INTO public.voice_actor VALUES ('Flora', 'Verna Felton', 'Sleeping Beauty');
INSERT INTO public.voice_actor VALUES ('Flotsam and Jetsam', 'Paddi Edwards', 'The Little Mermaid');
INSERT INTO public.voice_actor VALUES ('Flounder', 'Jason Marin', 'The Little Mermaid');
INSERT INTO public.voice_actor VALUES ('Flower', 'Stan Alexander; Sterling Holloway', 'Bambi');
INSERT INTO public.voice_actor VALUES ('Flunkey the Baboon', 'Leo De Lyon', 'The Jungle Book');
INSERT INTO public.voice_actor VALUES ('Flynn Rider', 'Zachary Levi', 'Tangled');
INSERT INTO public.voice_actor VALUES ('Footman', 'Larry Grey', 'Cinderella');
INSERT INTO public.voice_actor VALUES ('Forte the Pipe Organ', 'Tim Curry', 'Beauty and the Beast: The Enchanted Christmas');
INSERT INTO public.voice_actor VALUES ('Foxy Loxy', 'Amy Sedaris', 'Chicken Little');
INSERT INTO public.voice_actor VALUES ('Fran', 'Edie McClurg', 'Higglytown Heroes');
INSERT INTO public.voice_actor VALUES ('Francis', 'Roscoe Lee Browne', 'Oliver & Company');
INSERT INTO public.voice_actor VALUES ('Francois', 'Bronson Pinchot', 'Lady and the Tramp II: Scamp''s Adventure');
INSERT INTO public.voice_actor VALUES ('Francois', 'Ed Gilbert', 'The Rescuers Down Under');
INSERT INTO public.voice_actor VALUES ('Frank', 'Wayne Robson', 'The Rescuers Down Under');
INSERT INTO public.voice_actor VALUES ('Frankie the Frog', 'Aurian Redson', 'Meet the Robinsons');
INSERT INTO public.voice_actor VALUES ('Franny Robinson', 'Nicole Sullivan', 'Meet the Robinsons');
INSERT INTO public.voice_actor VALUES ('Fred', 'S. Scott Bullock', 'Timon and Pumbaa');
INSERT INTO public.voice_actor VALUES ('Friar Tuck', 'Andy Devine', 'Robin Hood');
INSERT INTO public.voice_actor VALUES ('Friend Owl', 'Will Wright', 'Bambi');
INSERT INTO public.voice_actor VALUES ('Frou-Frou', 'Nancy Kulp', 'The Aristocats');
INSERT INTO public.voice_actor VALUES ('Gadget Hackwrench', 'Tress MacNeille', 'Chip ''n Dale Rescue Rangers');
INSERT INTO public.voice_actor VALUES ('Gaetan "Mole" Moliére', 'Corey Burton', 'Atlantis: The Lost Empire');
INSERT INTO public.voice_actor VALUES ('Captain Gantu', 'Kevin Michael Richardson', 'Lilo & Stitch');
INSERT INTO public.voice_actor VALUES ('Gaston', 'Richard White', 'Beauty and the Beast');
INSERT INTO public.voice_actor VALUES ('Gazelle', 'Shakira', 'Zootopia');
INSERT INTO public.voice_actor VALUES ('General Hologram', 'Dennis Haysbert', 'Wreck-It Ralph');
INSERT INTO public.voice_actor VALUES ('General Li', 'James Shigeta', 'Mulan');
INSERT INTO public.voice_actor VALUES ('Genie', 'Robin Williams', 'Aladdin');
INSERT INTO public.voice_actor VALUES ('George Darling', 'Hans Conried', 'Peter Pan');
INSERT INTO public.voice_actor VALUES ('Georges Hautecourt', 'Charles Lane', 'The Aristocats');
INSERT INTO public.voice_actor VALUES ('Georgette', 'Bette Midler', 'Oliver & Company');
INSERT INTO public.voice_actor VALUES ('Geppetto', 'Christian Rub', 'Pinocchio');
INSERT INTO public.voice_actor VALUES ('Giddy the Elephant', 'Dorothy Scott', 'Dumbo');
INSERT INTO public.voice_actor VALUES ('Gideon', 'Mel Blanc', 'Pinocchio');
INSERT INTO public.voice_actor VALUES ('Giselle', 'Amy Adams', 'Enchanted');
INSERT INTO public.voice_actor VALUES ('Gladstone Gander', 'Rob Paulsen', 'DuckTales');
INSERT INTO public.voice_actor VALUES ('Gliss', 'Grey Delisle', 'Secret of the Wings');
INSERT INTO public.voice_actor VALUES ('Glittering Goldie', 'Joan Gerber', 'DuckTales');
INSERT INTO public.voice_actor VALUES ('Gloyd Orangeboar', 'None', 'Wreck-It Ralph');
INSERT INTO public.voice_actor VALUES ('Goob', 'Matthew Josten', 'Meet the Robinsons');
INSERT INTO public.voice_actor VALUES ('Goofy', 'Pinto Colvig; Bill Farmer', 'Mickey''s Revue');
INSERT INTO public.voice_actor VALUES ('Goosey Loosey', 'Mark Walton', 'Chicken Little');
INSERT INTO public.voice_actor VALUES ('Gopher', 'Howard Morris; Michael Gough', 'Winnie the Pooh and the Honey Tree');
INSERT INTO public.voice_actor VALUES ('Gosalyn Mallard', 'Christine Cavanaugh', 'Darkwing Duck');
INSERT INTO public.voice_actor VALUES ('Governor John Ratcliffe', 'David Ogden Stiers', 'Pocahontas');
INSERT INTO public.voice_actor VALUES ('Grace', 'Jennifer Tilly', 'Home on the Range');
INSERT INTO public.voice_actor VALUES ('Gramma Tala', 'Rachel House', 'Moana');
INSERT INTO public.voice_actor VALUES ('Gramps', 'Larry Clemmons', 'The Rescuers');
INSERT INTO public.voice_actor VALUES ('Grand Councilwoman', 'Zoe Caldwell', 'Lilo & Stitch');
INSERT INTO public.voice_actor VALUES ('The Grand Duke', 'Luis Van Rooten; Rob Paulsen', 'Cinderella');
INSERT INTO public.voice_actor VALUES ('Grandma Duck', 'June Foray', 'This is Your Life, Donald Duck');
INSERT INTO public.voice_actor VALUES ('Grandmother Fa', 'June Foray', 'Mulan');
INSERT INTO public.voice_actor VALUES ('Grandmother Willow', 'Linda Hunt', 'Pocahontas');
INSERT INTO public.voice_actor VALUES ('Granny Rose', 'Vicki Lawrence', 'The Fox and the Hound 2');
INSERT INTO public.voice_actor VALUES ('Greasy the Weasel', 'Charles Fleischer', 'Who Framed Roger Rabbit');
INSERT INTO public.voice_actor VALUES ('Great Prince of the Forest', 'Fred Shields', 'Bambi');
INSERT INTO public.voice_actor VALUES ('Grimsby', 'Ben Wright', 'The Little Mermaid');
INSERT INTO public.voice_actor VALUES ('The Groundhog', 'Brian Pimental', 'Bambi II');
INSERT INTO public.voice_actor VALUES ('Grumpy', 'Pinto Colvig', 'Snow White and the Seven Dwarfs');
INSERT INTO public.voice_actor VALUES ('Gurgi', 'John Byner', 'The Black Cauldron');
INSERT INTO public.voice_actor VALUES ('Gus Lollygagger', 'Jimmy MacDonald; Corey Burton', 'Cinderella');
INSERT INTO public.voice_actor VALUES ('Gus Goose', 'Clarence Nash', 'Donald''s Cousin Gus');
INSERT INTO public.voice_actor VALUES ('Gyro Gearloose', 'Hal Smith', 'DuckTales');
INSERT INTO public.voice_actor VALUES ('Hades', 'James Woods', 'Hercules');
INSERT INTO public.voice_actor VALUES ('Hands', 'Micheal McShane', 'Treasure Planet');
INSERT INTO public.voice_actor VALUES ('Happy', 'Otis Harlan', 'Snow White and the Seven Dwarfs');
INSERT INTO public.voice_actor VALUES ('Harold the Seahorse', 'Will Ryan', 'The Little Mermaid');
INSERT INTO public.voice_actor VALUES ('Haroud Hazi Bin', 'James Avery', 'Aladdin');
INSERT INTO public.voice_actor VALUES ('Harvey Fenner', 'Corey Burton', 'The Princess and the Frog');
INSERT INTO public.voice_actor VALUES ('Headless Horseman', 'None', 'The Adventures of Ichabod and Mr. Toad');
INSERT INTO public.voice_actor VALUES ('Heihei the Rooster', 'Alan Tudyk', 'Moana');
INSERT INTO public.voice_actor VALUES ('Helga Sinclair', 'Claudia Christian', 'Atlantis: The Lost Empire');
INSERT INTO public.voice_actor VALUES ('Hen Wen', 'None', 'The Black Cauldron');
INSERT INTO public.voice_actor VALUES ('Henry Fenner', 'Jerry Kernion', 'The Princess and the Frog');
INSERT INTO public.voice_actor VALUES ('Hera', 'Samantha Eggar', 'Hercules');
INSERT INTO public.voice_actor VALUES ('Herb Muddlefoot', 'Jim Cummings', 'Darkwing Duck');
INSERT INTO public.voice_actor VALUES ('Hercules', 'Tate Donovan; Joshua Keaton', 'Hercules');
INSERT INTO public.voice_actor VALUES ('Hermes', 'Paul Shaffer', 'Hercules');
INSERT INTO public.voice_actor VALUES ('Hiram Flaversham', 'Alan Young; Alan Young', 'The Great Mouse Detective');
INSERT INTO public.voice_actor VALUES ('Hit Cat the English Cat', 'Lord Tim Hudson', 'The Aristocats');
INSERT INTO public.voice_actor VALUES ('Honker Muddlefoot', 'Katie Leigh', 'Darkwing Duck');
INSERT INTO public.voice_actor VALUES ('Hook Hand', 'Brad Garrett', 'Tangled');
INSERT INTO public.voice_actor VALUES ('Hoonah', 'Tress MacNeille', 'Brother Bear 2');
INSERT INTO public.voice_actor VALUES ('Horace & Jasper', 'Frederick Worlock; J. Pat O''Malley', '101 Dalmatians');
INSERT INTO public.voice_actor VALUES ('Horace Horsecollar', 'Walt Disney; Bill Farmer', 'The Plow Boy');
INSERT INTO public.voice_actor VALUES ('The Horned King', 'John Hurt', 'The Black Cauldron');
INSERT INTO public.voice_actor VALUES ('Huey', 'Clarence Nash; Russi Taylor', 'Donald''s Nephews');
INSERT INTO public.voice_actor VALUES ('Hugo', 'Jason Alexander', 'The Hunchback of Notre Dame');
INSERT INTO public.voice_actor VALUES ('Humbert the Huntsman', 'Stuart Buchanan', 'Snow White and the Seven Dwarfs');
INSERT INTO public.voice_actor VALUES ('Humphrey the Bear', 'Jimmy MacDonald; Jim Cummings', 'Hold That Pose');
INSERT INTO public.voice_actor VALUES ('Hyacinth Hippo', 'Tress MacNeille', 'Fantasia');
INSERT INTO public.voice_actor VALUES ('Iago', 'Gilbert Gottfried', 'Aladdin');
INSERT INTO public.voice_actor VALUES ('Ian the Alligator', 'Kevin Michael Richardson', 'The Princess and the Frog');
INSERT INTO public.voice_actor VALUES ('Ichabod Crane', 'Pinto Colvig', 'The Adventures of Ichabod and Mr. Toad');
INSERT INTO public.voice_actor VALUES ('The Indian Chief', 'Candy Candido', 'Peter Pan');
INSERT INTO public.voice_actor VALUES ('Innoko', 'Wanda Sykes', 'Brother Bear 2');
INSERT INTO public.voice_actor VALUES ('Iridessa', 'Raven-Symoné', 'Disney Fairies');
INSERT INTO public.voice_actor VALUES ('J. Audubon Woodlore', 'Bill Thompson', 'Grin and Bear It');
INSERT INTO public.voice_actor VALUES ('J. Gander Hooter', 'Danny Mann', 'Darkwing Duck');
INSERT INTO public.voice_actor VALUES ('J. Thaddeus Toad', 'Eric Blore', 'The Adventures of Ichabod and Mr. Toad');
INSERT INTO public.voice_actor VALUES ('J. Worthington Foulfellow', 'Walter Catlett', 'Pinocchio');
INSERT INTO public.voice_actor VALUES ('Jack-in-the-Box', 'John Lithgow', 'Fantasia 2000');
INSERT INTO public.voice_actor VALUES ('Jackson "Jaq" Hopscotch', 'Jimmy MacDonald; Rob Paulsen', 'Cinderella');
INSERT INTO public.voice_actor VALUES ('Jafar', 'Jonathan Freeman', 'Aladdin');
INSERT INTO public.voice_actor VALUES ('Jake', 'Tristan Rogers', 'The Rescuers Down Under');
INSERT INTO public.voice_actor VALUES ('Jane', 'Harriet Owen', 'Return to Never Land');
INSERT INTO public.voice_actor VALUES ('Jane Porter', 'Minnie Driver', 'Tarzan');
INSERT INTO public.voice_actor VALUES ('Jeb the Goat', 'Joe Flaherty', 'Home on the Range');
INSERT INTO public.voice_actor VALUES ('Jennifer "Jenny" Foxworth', 'Natalie Gregory', 'Oliver & Company');
INSERT INTO public.voice_actor VALUES ('Jenny Wren', 'Martha Wentworth', 'Silly Symphonies');
INSERT INTO public.voice_actor VALUES ('Jerry Jumbeaux Jr.', 'John DiMaggio', 'Zootopia');
INSERT INTO public.voice_actor VALUES ('Jesse the Ram', 'John DiMaggio', 'Zootopia');
INSERT INTO public.voice_actor VALUES ('Jessica Rabbit', 'Kathleen Turner', 'Who Framed Roger Rabbit');
INSERT INTO public.voice_actor VALUES ('Jim Crow', 'Cliff Edwards', 'Dumbo');
INSERT INTO public.voice_actor VALUES ('Jim Dear', 'Lee Millar', 'Lady and the Tramp');
INSERT INTO public.voice_actor VALUES ('Jim Hawkins', 'Joseph Gordon-Levitt', 'Treasure Planet');
INSERT INTO public.voice_actor VALUES ('Jiminy Cricket', 'Cliff Edwards; Eddie Carroll', 'Pinocchio');
INSERT INTO public.voice_actor VALUES ('Jobless Joe', 'None', 'Fantasia 2000');
INSERT INTO public.voice_actor VALUES ('Jock', 'Bill Thompson', 'Lady and the Tramp');
INSERT INTO public.voice_actor VALUES ('Joe Giraffe', 'Pinto Colvig', 'Silly Symphonies');
INSERT INTO public.voice_actor VALUES ('Joey Hippo', 'None', 'Silly Symphonies');
INSERT INTO public.voice_actor VALUES ('John Darling', 'Paul Collins', 'Peter Pan');
INSERT INTO public.voice_actor VALUES ('John Silver', 'Brian Murray', 'Treasure Planet');
INSERT INTO public.voice_actor VALUES ('Johnny Appleseed', 'Dennis Day', 'Melody Time');
INSERT INTO public.voice_actor VALUES ('José Carioca', 'José Oliveira; Rob Paulsen', 'Saludos Amigos');
INSERT INTO public.voice_actor VALUES ('Jubileena Bing-Bing', 'Josie Trinidad', 'Wreck-It Ralph');
INSERT INTO public.voice_actor VALUES ('Judge Claude Frollo', 'Tony Jay', 'The Hunchback of Notre Dame');
INSERT INTO public.voice_actor VALUES ('Judge Doom', 'Christopher Lloyd', 'Who Framed Roger Rabbit');
INSERT INTO public.voice_actor VALUES ('Judy Hopps', 'Ginnifer Goodwin', 'Zootopia');
INSERT INTO public.voice_actor VALUES ('June', 'None', 'House of Mouse');
INSERT INTO public.voice_actor VALUES ('Junior', 'Clint Howard', 'The Jungle Book');
INSERT INTO public.voice_actor VALUES ('Junior the Buffalo', 'Lance LeGault', 'Home on the Range');
INSERT INTO public.voice_actor VALUES ('Kaa', 'Sterling Holloway; Jim Cummings', 'The Jungle Book');
INSERT INTO public.voice_actor VALUES ('Kala', 'Glenn Close', 'Tarzan');
INSERT INTO public.voice_actor VALUES ('Kanga', 'Barbara Luddy', 'Winnie the Pooh and the Honey Tree');
INSERT INTO public.voice_actor VALUES ('Kata', 'Catherine O''Hara', 'Brother Bear 2');
INSERT INTO public.voice_actor VALUES ('Katrina Van Tassel', 'None', 'The Adventures of Ichabod and Mr. Toad');
INSERT INTO public.voice_actor VALUES ('Kekata the Medicine man', 'Gordon Tootoosis', 'Pocahontas');
INSERT INTO public.voice_actor VALUES ('Kenai', 'Joaquin Phoenix', 'Brother Bear');
INSERT INTO public.voice_actor VALUES ('Kerchak', 'Lance Henriksen', 'Tarzan');
INSERT INTO public.voice_actor VALUES ('Kiara', 'Michelle Horn; Neve Campbell', 'The Lion King II: Simba''s Pride');
INSERT INTO public.voice_actor VALUES ('The King', 'Luis Van Rooten', 'Cinderella');
INSERT INTO public.voice_actor VALUES ('The King of Hearts', 'Dink Trout', 'Alice in Wonderland');
INSERT INTO public.voice_actor VALUES ('King Candy/Turbo', 'Alan Tudyk', 'Wreck-It Ralph');
INSERT INTO public.voice_actor VALUES ('King Eiddileg', 'Arthur Malet', 'The Black Cauldron');
INSERT INTO public.voice_actor VALUES ('King Hubert', 'Bill Thompson', 'Sleeping Beauty');
INSERT INTO public.voice_actor VALUES ('King Kashekim Nedakh', 'Leonard Nimoy', 'Atlantis: The Lost Empire');
INSERT INTO public.voice_actor VALUES ('King Leonidas', 'Lennie Weinrib', 'Bedknobs and Broomsticks');
INSERT INTO public.voice_actor VALUES ('King Louie', 'Louis Prima', 'The Jungle Book');
INSERT INTO public.voice_actor VALUES ('King Richard', 'Peter Ustinov', 'Robin Hood');
INSERT INTO public.voice_actor VALUES ('King Roland II', 'Travis Willingham', 'Sofia the First');
INSERT INTO public.voice_actor VALUES ('King Stefan', 'Taylor Holmes', 'Sleeping Beauty');
INSERT INTO public.voice_actor VALUES ('King Triton', 'Kenneth Mars', 'The Little Mermaid');
INSERT INTO public.voice_actor VALUES ('Kirby', 'Sean Elmore', 'Chicken Little');
INSERT INTO public.voice_actor VALUES ('Kit Cloudkicker', 'R. J. Williams; Alan Roberts', 'TaleSpin');
INSERT INTO public.voice_actor VALUES ('Kocoum', 'James Apaumut Fall', 'Pocahontas');
INSERT INTO public.voice_actor VALUES ('Koda', 'Jeremy Suarez', 'Brother Bear');
INSERT INTO public.voice_actor VALUES ('Kovu', 'Ryan O''Donohue; Jason Marsden', 'The Lion King II: Simba''s Pride');
INSERT INTO public.voice_actor VALUES ('Krebbs', 'Douglas Seale', 'The Rescuers Down Under');
INSERT INTO public.voice_actor VALUES ('Kristoff', 'Jonathan Groff', 'Frozen');
INSERT INTO public.voice_actor VALUES ('Kron', 'Samuel E. Wright', 'Dinosaur');
INSERT INTO public.voice_actor VALUES ('Kronk Pepikrankenitz', 'Patrick Warburton', 'The Emperor''s New Groove');
INSERT INTO public.voice_actor VALUES ('Kuzco', 'David Spade', 'The Emperor''s New Groove');
INSERT INTO public.voice_actor VALUES ('Lachesis', 'Carole Shelley', 'Hercules');
INSERT INTO public.voice_actor VALUES ('Lady', 'Barbara Luddy', 'Lady and the Tramp');
INSERT INTO public.voice_actor VALUES ('Lady DeBurne', 'April Winchell', 'The Hunchback of Notre Dame II');
INSERT INTO public.voice_actor VALUES ('Lady Kluck', 'Carole Shelley', 'Robin Hood');
INSERT INTO public.voice_actor VALUES ('Lady Mouse', 'Shani Wallis', 'The Great Mouse Detective');
INSERT INTO public.voice_actor VALUES ('Lady Tremaine', 'Eleanor Audley; Susanne Blakeslee', 'Cinderella');
INSERT INTO public.voice_actor VALUES ('Lafayette the Basset Hound', 'George Lindsey', 'The Aristocats');
INSERT INTO public.voice_actor VALUES ('Lampwick', 'Frankie Darro', 'Pinocchio');
INSERT INTO public.voice_actor VALUES ('Larry the Duck', 'Marshall Efron', 'Home on the Range');
INSERT INTO public.voice_actor VALUES ('Launchpad McQuack', 'Terry McGovern', 'DuckTales');
INSERT INTO public.voice_actor VALUES ('Laverne', 'Mary Wickes', 'The Hunchback of Notre Dame');
INSERT INTO public.voice_actor VALUES ('Lawrence the Valet', 'Peter Bartlett', 'The Princess and the Frog');
INSERT INTO public.voice_actor VALUES ('Le Fou', 'Jesse Corti', 'Beauty and the Beast');
INSERT INTO public.voice_actor VALUES ('Lefty', 'Nathan Greno', 'Meet the Robinsons');
INSERT INTO public.voice_actor VALUES ('Le Plufme', 'Rob Paulsen', 'Belle''s Magical World');
INSERT INTO public.voice_actor VALUES ('Lewis', 'Jordan Fry', 'Meet the Robinsons');
INSERT INTO public.voice_actor VALUES ('Li Shang', 'B.D. Wong', 'Mulan');
INSERT INTO public.voice_actor VALUES ('Lil Bad Wolf', 'Andrew Lawrence', 'The Porker''s Court');
INSERT INTO public.voice_actor VALUES ('Lilo Pelekai', 'Daveigh Chase', 'Lilo & Stitch');
INSERT INTO public.voice_actor VALUES ('Ling', 'Gedde Watanabe', 'Mulan');
INSERT INTO public.voice_actor VALUES ('Liquidator !The Liquidator', 'Jack Angel', 'Darkwing Duck');
INSERT INTO public.voice_actor VALUES ('Little John', 'Phil Harris', 'Robin Hood');
INSERT INTO public.voice_actor VALUES ('Little Toot', 'None', 'Melody Time');
INSERT INTO public.voice_actor VALUES ('Mr. Litwak', 'Ed O''Neill', 'Wreck-It Ralph');
INSERT INTO public.voice_actor VALUES ('Lizzy', 'Tracey Miller-Zarneke', 'Meet the Robinsons');
INSERT INTO public.voice_actor VALUES ('Lizzy Griffths', 'Lauren Mote', 'Tinker Bell and the Great Fairy Rescue');
INSERT INTO public.voice_actor VALUES ('Louie', 'Clarence Nash; Russi Taylor', 'Donald''s Nephews');
INSERT INTO public.voice_actor VALUES ('Louie the Hot Dog Man', 'Frank Welker', 'Oliver & Company');
INSERT INTO public.voice_actor VALUES ('Louis the Alligator', 'Michael-Leon Wooley', 'The Princess and the Frog');
INSERT INTO public.voice_actor VALUES ('Lucifer the Cat', 'June Foray', 'Cinderella');
INSERT INTO public.voice_actor VALUES ('Lucille Krunklehorn', 'Laurie Metcalf', 'Meet the Robinsons');
INSERT INTO public.voice_actor VALUES ('Lucky', 'Mimi Gibson', 'One Hundred and One Dalmatians');
INSERT INTO public.voice_actor VALUES ('Lucky Jack', 'Charles Haid', 'Home on the Range');
INSERT INTO public.voice_actor VALUES ('Ludwig Von Drake', 'Paul Frees', 'An Adventure in Color');
INSERT INTO public.voice_actor VALUES ('Luke', 'Pat Buttram', 'The Rescuers');
INSERT INTO public.voice_actor VALUES ('Lumière', 'Jerry Orbach', 'Beauty and the Beast');
INSERT INTO public.voice_actor VALUES ('Lumpy the Heffalump', 'Kyle Stanger', 'Pooh''s Heffalump Movie');
INSERT INTO public.voice_actor VALUES ('Lyle', 'Jeff Foxworthy', 'The Fox and the Hound 2');
INSERT INTO public.voice_actor VALUES ('Ma Beagle', 'June Foray', 'DuckTales');
INSERT INTO public.voice_actor VALUES ('Mad Hatter', 'Ed Wynn', 'Alice in Wonderland');
INSERT INTO public.voice_actor VALUES ('Madame Adelaide Bonfamille', 'Hermione Baddeley', 'The Aristocats');
INSERT INTO public.voice_actor VALUES ('Madame Medusa', 'Geraldine Page', 'The Rescuers');
INSERT INTO public.voice_actor VALUES ('Madam Mim', 'Martha Wentworth', 'The Sword in the Stone');
INSERT INTO public.voice_actor VALUES ('Madame Upanova', 'Tress MacNeille', 'Fantasia');
INSERT INTO public.voice_actor VALUES ('Madellaine', 'Jennifer Love Hewitt', 'The Hunchback of Notre Dame II');
INSERT INTO public.voice_actor VALUES ('Maggie', 'Roseanne Barr', 'Home on the Range');
INSERT INTO public.voice_actor VALUES ('Magic Carpet', 'None', 'Aladdin');
INSERT INTO public.voice_actor VALUES ('The Magic Mirror', 'Moroni Olsen', 'Snow White and the Seven Dwarfs');
INSERT INTO public.voice_actor VALUES ('Magica De Spell', 'June Foray', 'DuckTales');
INSERT INTO public.voice_actor VALUES ('Mahra the Baboon', 'Tress MacNeille', 'Jungle Cubs');
INSERT INTO public.voice_actor VALUES ('Maid Marian', 'Monica Evans', 'Robin Hood');
INSERT INTO public.voice_actor VALUES ('Major the Horse', 'None', 'Cinderella');
INSERT INTO public.voice_actor VALUES ('Maleficent', 'Eleanor Audley', 'Sleeping Beauty');
INSERT INTO public.voice_actor VALUES ('Malina', 'Jessica Di Cicco', 'The Emperor''s New School');
INSERT INTO public.voice_actor VALUES ('Mama Odie', 'Jenifer Lewis', 'The Princess and the Frog');
INSERT INTO public.voice_actor VALUES ('Man the Hunter', 'None', 'Bambi');
INSERT INTO public.voice_actor VALUES ('Marahute', 'Frank Welker', 'The Rescuers Down Under');
INSERT INTO public.voice_actor VALUES ('March Hare', 'Jerry Colonna', 'Alice in Wonderland');
INSERT INTO public.voice_actor VALUES ('Marie', 'Liz English', 'The Aristocats');
INSERT INTO public.voice_actor VALUES ('Markowski', 'Joe Lo Truglio', 'Wreck-It Ralph');
INSERT INTO public.voice_actor VALUES ('Marlon the Alligator', 'Emeril Lagasse', 'The Princess and the Frog');
INSERT INTO public.voice_actor VALUES ('Mary Darling', 'Heather Angel', 'Peter Pan');
INSERT INTO public.voice_actor VALUES ('The Matchmaker', 'Miriam Margoyles', 'Mulan');
INSERT INTO public.voice_actor VALUES ('Maui', 'Dwayne Johnson', 'Moana');
INSERT INTO public.voice_actor VALUES ('Maurice', 'Rex Everhart', 'Beauty and the Beast');
INSERT INTO public.voice_actor VALUES ('Max Goof', 'Dana Hill; Jason Marsden', 'Goof Troop');
INSERT INTO public.voice_actor VALUES ('Max Hare', 'Ned Norton', 'The Tortoise and the Hare');
INSERT INTO public.voice_actor VALUES ('Max the Sheepdog', 'Frank Welker', 'The Little Mermaid');
INSERT INTO public.voice_actor VALUES ('Maximus', 'None', 'Tangled');
INSERT INTO public.voice_actor VALUES ('May', 'None', 'House of Mouse');
INSERT INTO public.voice_actor VALUES ('Mayor Lionheart', 'J.K. Simmons', 'Zootopia');
INSERT INTO public.voice_actor VALUES ('Mechanicles', 'Charlie Adler', 'Aladdin');
INSERT INTO public.voice_actor VALUES ('Meeko', 'John Kassir', 'Pocahontas');
INSERT INTO public.voice_actor VALUES ('Megabyte Beagle', 'Frank Welker', 'DuckTales');
INSERT INTO public.voice_actor VALUES ('Megara', 'Susan Egan', 'Hercules');
INSERT INTO public.voice_actor VALUES ('Megavolt', 'Dan Castellaneta', 'Darkwing Duck');
INSERT INTO public.voice_actor VALUES ('Melody', 'Tara Strong', 'The Little Mermaid II: Return to the Sea');
INSERT INTO public.voice_actor VALUES ('Melinda', 'None', 'Fantasia');
INSERT INTO public.voice_actor VALUES ('Melpomene', 'Cheryl Freeman', 'Hercules');
INSERT INTO public.voice_actor VALUES ('Melvin', 'Fred Willard', 'Chicken Little');
INSERT INTO public.voice_actor VALUES ('Mena', 'Cree Summer', 'Bambi II');
INSERT INTO public.voice_actor VALUES ('Merlin', 'Karl Swenson', 'The Sword in the Stone');
INSERT INTO public.voice_actor VALUES ('Merlock the Magician', 'Christopher Lloyd', 'DuckTales');
INSERT INTO public.voice_actor VALUES ('Merryweather', 'Barbara Luddy', 'Sleeping Beauty');
INSERT INTO public.voice_actor VALUES ('Michael Darling', 'Tommy Luske', 'Peter Pan');
INSERT INTO public.voice_actor VALUES ('Mickey Mouse', 'Walt Disney', 'Steamboat Willie');
INSERT INTO public.voice_actor VALUES ('Mike the Microphone', 'Rod Roddy', 'House of Mouse');
INSERT INTO public.voice_actor VALUES ('Mildred', 'Angela Bassett', 'Meet the Robinsons');
INSERT INTO public.voice_actor VALUES ('Milo Thatch', 'Michael J. Fox', 'Atlantis: The Lost Empire');
INSERT INTO public.voice_actor VALUES ('Mindy', 'Kari Wahlgren', 'Bolt');
INSERT INTO public.voice_actor VALUES ('Minnie Mouse', 'Walt Disney; Marcellite Garner', 'Plane Crazy');
INSERT INTO public.voice_actor VALUES ('Minty Zaki', 'None', 'Wreck-It Ralph');
INSERT INTO public.voice_actor VALUES ('Mirage', 'Bebe Neuwirth', 'Aladdin (TV series)');
INSERT INTO public.voice_actor VALUES ('Miranda Wright', 'Karla DeVito', 'Bonkers');
INSERT INTO public.voice_actor VALUES ('Miss Bianca', 'Eva Gabor', 'The Rescuers');
INSERT INTO public.voice_actor VALUES ('Miss Kitty', 'Melissa Manchester', 'The Great Mouse Detective');
INSERT INTO public.voice_actor VALUES ('Miss Nettle', 'Megan Mullally', 'Sofia the First');
INSERT INTO public.voice_actor VALUES ('Mittens', 'Susie Essman', 'Bolt');
INSERT INTO public.voice_actor VALUES ('Moana Waialiki', 'Auli''i Cravalho', 'Moana');
INSERT INTO public.voice_actor VALUES ('Moley', 'Colin Campbell', 'The Adventures of Ichabod and Mr. Toad');
INSERT INTO public.voice_actor VALUES ('Monsieur D''Arque', 'Tony Jay', 'Beauty and the Beast');
INSERT INTO public.voice_actor VALUES ('Monstro', 'Thurl Ravenscroft', 'Pinocchio');
INSERT INTO public.voice_actor VALUES ('Monterey Jack', 'Jim Cummings', 'Chip ''n Dale Rescue Rangers');
INSERT INTO public.voice_actor VALUES ('Mooch', 'Bill Fagerbakke', 'Lady and the Tramp II: Scamp''s Adventure');
INSERT INTO public.voice_actor VALUES ('Morcupine Porcupine', 'Mark Dindal', 'Chicken Little');
INSERT INTO public.voice_actor VALUES ('Morgana', 'Pat Carroll', 'The Little Mermaid II: Return to the Sea');
INSERT INTO public.voice_actor VALUES ('Morgana McCawber', 'Kath Soucie', 'Darkwing Duck');
INSERT INTO public.voice_actor VALUES ('Morph', 'Dane A. Davis', 'Treasure Planet');
INSERT INTO public.voice_actor VALUES ('Mortimer Mouse', 'Maurice LaMarche', 'Mickey''s Rival');
INSERT INTO public.voice_actor VALUES ('Morty Fieldmouse', 'None', 'Mickey''s Steam Roller');
INSERT INTO public.voice_actor VALUES ('Mother Gothel', 'Donna Murphy', 'Tangled');
INSERT INTO public.voice_actor VALUES ('Mother Rabbit', 'Barbara Luddy', 'Robin Hood');
INSERT INTO public.voice_actor VALUES ('Mowgli', 'Bruce Reitherman', 'The Jungle Book');
INSERT INTO public.voice_actor VALUES ('Mozenrath', 'Jonathan Brandis', 'Aladdin');
INSERT INTO public.voice_actor VALUES ('Mr. Arrow', 'Roscoe Lee Browne', 'Treasure Planet');
INSERT INTO public.voice_actor VALUES ('Mr. Big', 'Maurice LaMarche', 'Zootopia');
INSERT INTO public.voice_actor VALUES ('Mr. Pettibone', 'Jeff Pidgeon', 'Mickey Mouse Clubhouse');
INSERT INTO public.voice_actor VALUES ('Mr. Smee', 'Bill Thompson', 'Peter Pan');
INSERT INTO public.voice_actor VALUES ('Mr. Snoops', 'Joe Flynn', 'The Rescuers');
INSERT INTO public.voice_actor VALUES ('Mr. Stork', 'Sterling Holloway', 'Dumbo');
INSERT INTO public.voice_actor VALUES ('Mr. Willerstein', 'Tom Kenny', 'Meet the Robinsons');
INSERT INTO public.voice_actor VALUES ('Mr. Woolensworth', 'Patrick Stewart', 'Chicken Little');
INSERT INTO public.voice_actor VALUES ('Mrs. Calloway', 'Judi Dench', 'Home on the Range');
INSERT INTO public.voice_actor VALUES ('Mrs. Featherby', 'June Foray', 'DuckTales');
INSERT INTO public.voice_actor VALUES ('Mrs. Hasagawa', 'Amy Hill', 'Lilo & Stitch');
INSERT INTO public.voice_actor VALUES ('Mrs. Judson', 'Diana Chesney', 'The Great Mouse Detective');
INSERT INTO public.voice_actor VALUES ('Mrs. Jumbo', 'Verna Felton', 'Dumbo');
INSERT INTO public.voice_actor VALUES ('Mrs. Otterton', 'Octavia Spencer', 'Zootopia');
INSERT INTO public.voice_actor VALUES ('Mrs. Possum', 'Mary Lansing', 'Bambi');
INSERT INTO public.voice_actor VALUES ('Mrs. Potts', 'Angela Lansbury', 'Beauty and the Beast');
INSERT INTO public.voice_actor VALUES ('Mrs. Quail', 'Thelma Boardman', 'Bambi');
INSERT INTO public.voice_actor VALUES ('Mufasa', 'James Earl Jones', 'The Lion King');
INSERT INTO public.voice_actor VALUES ('Mulan', 'Ming-Na Wen; Lea Salonga', 'Mulan');
INSERT INTO public.voice_actor VALUES ('Mungo', 'Jason Marsden', 'Tarzan');
INSERT INTO public.voice_actor VALUES ('Mushu', 'Eddie Murphy', 'Mulan');
INSERT INTO public.voice_actor VALUES ('Myrtle Edmonds', 'Miranda Paige Walls; Liliana Mumy', 'Lilo & Stitch');
INSERT INTO public.voice_actor VALUES ('Nakoma', 'Michelle St. John', 'Pocahontas');
INSERT INTO public.voice_actor VALUES ('Nala', 'Moira Kelly; Niketa Calame', 'The Lion King');
INSERT INTO public.voice_actor VALUES ('Nana', 'None', 'Peter Pan');
INSERT INTO public.voice_actor VALUES ('Nancy Tremaine', 'Idina Menzel', 'Enchanted');
INSERT INTO public.voice_actor VALUES ('Nani Pelekai', 'Tia Carrere', 'Lilo & Stitch');
INSERT INTO public.voice_actor VALUES ('Nanny', 'Martha Wentworth', 'One Hundred and One Dalmatians');
INSERT INTO public.voice_actor VALUES ('Napoleon the Bloodhound', 'Pat Buttram', 'The Aristocats');
INSERT INTO public.voice_actor VALUES ('Nasira', 'Jodi Benson', 'Aladdin in Nasira''s Revenge');
INSERT INTO public.voice_actor VALUES ('Nathaniel', 'Timothy Spall', 'Enchanted');
INSERT INTO public.voice_actor VALUES ('Natives', 'Jeff Bennett', 'Timon and Pumbaa');
INSERT INTO public.voice_actor VALUES ('Ned the Baboon', 'Charlie Adler', 'Jungle Cubs');
INSERT INTO public.voice_actor VALUES ('Neera', 'Julianna Margulies', 'Dinosaur');
INSERT INTO public.voice_actor VALUES ('NegaDuck', 'Jim Cummings', 'Darkwing Duck');
INSERT INTO public.voice_actor VALUES ('Nessus', 'Jim Cummings', 'Hercules');
INSERT INTO public.voice_actor VALUES ('Nibs', 'Jeffrey Silver', 'Peter Pan');
INSERT INTO public.voice_actor VALUES ('Nicholas "Nick" P. Wilde', 'Jason Bateman', 'Zootopia');
INSERT INTO public.voice_actor VALUES ('Nita', 'Mandy Moore', 'Brother Bear 2');
INSERT INTO public.voice_actor VALUES ('Nuka', 'Andy Dick', 'The Lion King II: Simba''s Pride');
INSERT INTO public.voice_actor VALUES ('Nurse Mouse', 'Russi Taylor', 'The Rescuers Down Under');
INSERT INTO public.voice_actor VALUES ('Nutsy the Vulture', 'Ken Curtis', 'Robin Hood');
INSERT INTO public.voice_actor VALUES ('Oaken', 'Chris Williams', 'Frozen');
INSERT INTO public.voice_actor VALUES ('The Octopus', 'Frank Welker', 'Return to Never Land');
INSERT INTO public.voice_actor VALUES ('Olaf', 'Josh Gad', 'Frozen');
INSERT INTO public.voice_actor VALUES ('Oliver', 'Joey Lawrence', 'Oliver & Company');
INSERT INTO public.voice_actor VALUES ('Olivia Flaversham', 'Susanne Pollatschek', 'The Great Mouse Detective');
INSERT INTO public.voice_actor VALUES ('Ollie the Pig', 'Charlie Dell', 'Home on the Range');
INSERT INTO public.voice_actor VALUES ('Onus', 'Corey Burton', 'Treasure Planet');
INSERT INTO public.voice_actor VALUES ('Orddu', 'Eda Reiss Merin', 'The Black Cauldron');
INSERT INTO public.voice_actor VALUES ('Orgoch', 'Billie Hayes', 'The Black Cauldron');
INSERT INTO public.voice_actor VALUES ('Orville', 'Jim Jordan', 'The Rescuers');
INSERT INTO public.voice_actor VALUES ('Orwen', 'Adele Malis-Morey', 'The Black Cauldron');
INSERT INTO public.voice_actor VALUES ('Oswald the Lucky Rabbit', 'Frank Welker', 'Trolley Troubles');
INSERT INTO public.voice_actor VALUES ('Otto', 'J. Pat O''Malley', 'Robin Hood');
INSERT INTO public.voice_actor VALUES ('Owl', 'Hal Smith', 'Winnie the Pooh and the Honey Tree');
INSERT INTO public.voice_actor VALUES ('Pacha', 'John Goodman', 'The Emperor''s New Groove');
INSERT INTO public.voice_actor VALUES ('Pain and Panic', 'Bobcat Goldthwait; Matt Frewer', 'Hercules');
INSERT INTO public.voice_actor VALUES ('Panchito Pistoles', 'Joaquin Garay; Carlos Alazraqui', 'The Three Caballeros');
INSERT INTO public.voice_actor VALUES ('Pascal', 'Frank Welker', 'Tangled');
INSERT INTO public.voice_actor VALUES ('Patch', 'Mickey Maga', 'One Hundred and One Dalmatians');
INSERT INTO public.voice_actor VALUES ('Pearl Gesner', 'Carole Cook', 'Home on the Range');
INSERT INTO public.voice_actor VALUES ('Peg', 'Peggy Lee', 'Lady and the Tramp');
INSERT INTO public.voice_actor VALUES ('Peg Pete', 'April Winchell', 'Goof Troop');
INSERT INTO public.voice_actor VALUES ('Pegasus', 'Frank Welker', 'Hercules');
INSERT INTO public.voice_actor VALUES ('Penny''s Mom', 'Grey DeLisle', 'Bolt');
INSERT INTO public.voice_actor VALUES ('Penny', 'Sandra Abbott', 'One Hundred and One Dalmatians');
INSERT INTO public.voice_actor VALUES ('Penny', 'Michelle Stacy', 'The Rescuers');
INSERT INTO public.voice_actor VALUES ('Penny', 'Miley Cyrus', 'Bolt');
INSERT INTO public.voice_actor VALUES ('Pepper Ann Pearson', 'Kathleen Wilhoite', 'Pepper Ann');
INSERT INTO public.voice_actor VALUES ('Peppo the Italian Cat', 'Vito Scotti', 'The Aristocats');
INSERT INTO public.voice_actor VALUES ('Percival C. McLeach', 'George C. Scott', 'The Rescuers Down Under');
INSERT INTO public.voice_actor VALUES ('Percy', 'Danny Mann', 'Pocahontas');
INSERT INTO public.voice_actor VALUES ('Perdita', 'Cate Bauer', '101 Dalmatians');
INSERT INTO public.voice_actor VALUES ('Periwinkle', 'Lucy Hale', 'Secret of the Wings');
INSERT INTO public.voice_actor VALUES ('Pete', 'Billy Bletcher; Jim Cummings', 'Alice Solves the Puzzle');
INSERT INTO public.voice_actor VALUES ('Pete Junior', 'Rob Paulsen', 'Goof Troop');
INSERT INTO public.voice_actor VALUES ('Peter Pan', 'Bobby Driscoll', 'Peter Pan');
INSERT INTO public.voice_actor VALUES ('Peter Pig', 'Pinto Colvig', 'The Wise Little Hen');
INSERT INTO public.voice_actor VALUES ('The Phantom Blot', 'Frank Welker; John O''Hurley', 'DuckTales');
INSERT INTO public.voice_actor VALUES ('Philoctetes', 'Danny DeVito', 'Hercules');
INSERT INTO public.voice_actor VALUES ('Philippe the Horse', 'Hal Smith', 'Beauty and the Beast');
INSERT INTO public.voice_actor VALUES ('Piglet', 'John Fiedler', 'Winnie the Pooh and the Blustery Day');
INSERT INTO public.voice_actor VALUES ('Pinocchio', 'Dickie Jones', 'Pinocchio');
INSERT INTO public.voice_actor VALUES ('Pip', 'Jeff Bennett; Kevin Lima', 'Enchanted');
INSERT INTO public.voice_actor VALUES ('Pistol Pete', 'Nancy Cartwright', 'Goof Troop');
INSERT INTO public.voice_actor VALUES ('Plio', 'Alfre Woodard', 'Dinosaur');
INSERT INTO public.voice_actor VALUES ('Pluto', 'Pinto Colvig; Bill Farmer', 'The Chain Gang');
INSERT INTO public.voice_actor VALUES ('Pocahontas', 'Irene Bedard; Judy Kuhn', 'Pocahontas');
INSERT INTO public.voice_actor VALUES ('Poe De Spell', 'Terry McGovern; Frank Welker', 'DuckTales');
INSERT INTO public.voice_actor VALUES ('Pom-Pom', 'Frank Welker', 'Cinderella II: Dreams Come True');
INSERT INTO public.voice_actor VALUES ('Pongo', 'Rod Taylor', '101 Dalmatians');
INSERT INTO public.voice_actor VALUES ('Powerline', 'Tevin Campbell', 'A Goofy Movie');
INSERT INTO public.voice_actor VALUES ('Practical Pig', 'Pinto Colvig', 'Three Little Pigs');
INSERT INTO public.voice_actor VALUES ('Preston B. Whitmore', 'John Mahoney', 'Atlantis: The Lost Empire');
INSERT INTO public.voice_actor VALUES ('Prince', 'Harry Stockwell', 'Snow White and the Seven Dwarfs');
INSERT INTO public.voice_actor VALUES ('Prince Charming', 'William Phipps', 'Cinderella');
INSERT INTO public.voice_actor VALUES ('Prince Edward', 'James Marsden', 'Enchanted');
INSERT INTO public.voice_actor VALUES ('Prince Eric', 'Christopher Daniel Barnes', 'The Little Mermaid');
INSERT INTO public.voice_actor VALUES ('Prince Hans', 'Santino Fontana', 'Frozen');
INSERT INTO public.voice_actor VALUES ('Prince James', 'Zach Callison', 'Sofia the First');
INSERT INTO public.voice_actor VALUES ('Prince John', 'Peter Ustinov', 'Robin Hood');
INSERT INTO public.voice_actor VALUES ('Prince Naveen', 'Bruno Campos', 'The Princess and the Frog');
INSERT INTO public.voice_actor VALUES ('Prince Phillip', 'Bill Shirley', 'Sleeping Beauty');
INSERT INTO public.voice_actor VALUES ('Princess', 'Queenie Leonard', 'One Hundred and One Dalmatians');
INSERT INTO public.voice_actor VALUES ('Princess Amber', 'Darcy Rose Byrnes', 'Sofia the First');
INSERT INTO public.voice_actor VALUES ('Princess Eilonwy', 'Susan Sheridan', 'The Black Cauldron');
INSERT INTO public.voice_actor VALUES ('Princess Jasmine', 'Linda Larkin; Lea Salonga', 'Aladdin');
INSERT INTO public.voice_actor VALUES ('Princess Kidagakash', 'Cree Summer', 'Atlantis: The Lost Empire');
INSERT INTO public.voice_actor VALUES ('Principal Mazur', 'Wallace Shawn', 'A Goofy Movie');
INSERT INTO public.voice_actor VALUES ('Prissy the Elephant', 'Sarah Selby', 'Dumbo');
INSERT INTO public.voice_actor VALUES ('Professor Norton Nimnul', 'Jim Cummings', 'Chip ''n Dale Rescue Rangers');
INSERT INTO public.voice_actor VALUES ('Professor Ratigan', 'Vincent Price', 'The Great Mouse Detective');
INSERT INTO public.voice_actor VALUES ('Pronk Oryx-Antlerson', 'Jared Bush', 'Zootopia');
INSERT INTO public.voice_actor VALUES ('Prudence', 'Holland Taylor', 'Cinderella II: Dreams Come True');
INSERT INTO public.voice_actor VALUES ('Psycho the Weasel', 'Charles Fleischer', 'Who Framed Roger Rabbit');
INSERT INTO public.voice_actor VALUES ('Pua', 'None', 'Moana');
INSERT INTO public.voice_actor VALUES ('Pumbaa', 'Ernie Sabella', 'The Lion King');
INSERT INTO public.voice_actor VALUES ('Quackerjack', 'Michael Bell', 'Darkwing Duck');
INSERT INTO public.voice_actor VALUES ('Quasimodo', 'Tom Hulce', 'The Hunchback of Notre Dame');
INSERT INTO public.voice_actor VALUES ('Queen', 'Kari Wahlgren', 'Tangled Ever After');
INSERT INTO public.voice_actor VALUES ('Queen Athena', 'Lorelei Hill Butters', 'The Little Mermaid: Ariel''s Beginning');
INSERT INTO public.voice_actor VALUES ('Queen Clarion', 'Anjelica Huston', 'Disney Fairies');
INSERT INTO public.voice_actor VALUES ('Queen Grimhilde', 'Lucille La Verne', 'Snow White and the Seven Dwarfs');
INSERT INTO public.voice_actor VALUES ('Queen Leah', 'Barbara Dirikson', 'Sleeping Beauty');
INSERT INTO public.voice_actor VALUES ('Queen Miranda', 'Sara Ramirez', 'Sofia the First');
INSERT INTO public.voice_actor VALUES ('Queen Mousetoria', 'Eve Brenner', 'The Great Mouse Detective');
INSERT INTO public.voice_actor VALUES ('Queen Narissa', 'Susan Sarandon', 'Enchanted');
INSERT INTO public.voice_actor VALUES ('The Queen of Hearts', 'Verna Felton', 'Alice in Wonderland');
INSERT INTO public.voice_actor VALUES ('Quint', 'Corey Burton', 'Timon and Pumbaa');
INSERT INTO public.voice_actor VALUES ('Rabbit', 'Junius Matthews', 'Winnie the Pooh and the Honey Tree');
INSERT INTO public.voice_actor VALUES ('Rachel', 'None', 'Fantasia 2000');
INSERT INTO public.voice_actor VALUES ('Rafiki', 'Robert Guillaume', 'The Lion King');
INSERT INTO public.voice_actor VALUES ('Rajah', 'Frank Welker', 'Aladdin');
INSERT INTO public.voice_actor VALUES ('Rancis Fluggerbutter', 'Jamie Elman', 'Wreck-It Ralph');
INSERT INTO public.voice_actor VALUES ('Rapunzel', 'Mandy Moore', 'Tangled');
INSERT INTO public.voice_actor VALUES ('Ratty', 'Claud Allister', 'The Adventures of Ichabod and Mr. Toad');
INSERT INTO public.voice_actor VALUES ('Ray the Firefly', 'Jim Cummings', 'The Princess and the Frog');
INSERT INTO public.voice_actor VALUES ('Razoul', 'Jim Cummings', 'Aladdin');
INSERT INTO public.voice_actor VALUES ('Red', 'Peter Firth', 'The Rescuers Down Under');
INSERT INTO public.voice_actor VALUES ('Rhino', 'Mark Walton', 'Bolt');
INSERT INTO public.voice_actor VALUES ('Rhoda Dendron', 'Jennifer Darling', 'Darkwing Duck');
INSERT INTO public.voice_actor VALUES ('Rico', 'Charles Dennis', 'Home on the Range');
INSERT INTO public.voice_actor VALUES ('The Ringmaster', 'Herman Bing', 'Dumbo');
INSERT INTO public.voice_actor VALUES ('Rita', 'Sheryl Lee Ralph', 'Oliver & Company');
INSERT INTO public.voice_actor VALUES ('Robert "Bobby" Zimmeruski', 'Pauly Shore', 'A Goofy Movie');
INSERT INTO public.voice_actor VALUES ('Robin Hood', 'Brian Bedford', 'Robin Hood');
INSERT INTO public.voice_actor VALUES ('Roger Rabbit', 'Charles Fleischer', 'Who Framed Roger Rabbit');
INSERT INTO public.voice_actor VALUES ('Roger Radcliffe', 'Ben Wright', '101 Dalmatians');
INSERT INTO public.voice_actor VALUES ('Rolly', 'Barbara Beaird', 'One Hundred and One Dalmatians');
INSERT INTO public.voice_actor VALUES ('Ronno', 'Anthony Ghannam', 'Bambi II');
INSERT INTO public.voice_actor VALUES ('Roo', 'Clint Howard', 'Winnie the Pooh and the Honey Tree');
INSERT INTO public.voice_actor VALUES ('Roo', 'Dori Whittaker', 'Winnie the Pooh and the Honey Tree');
INSERT INTO public.voice_actor VALUES ('Roquefort the Mouse', 'Sterling Holloway', 'The Aristocats');
INSERT INTO public.voice_actor VALUES ('Roscoe', 'Taurean Blacque', 'Oliver & Company');
INSERT INTO public.voice_actor VALUES ('The Rose', 'Doris Lloyd', 'Alice in Wonderland');
INSERT INTO public.voice_actor VALUES ('Rosetta', 'Kristin Chenoweth', 'Disney Fairies');
INSERT INTO public.voice_actor VALUES ('Roxanne', 'Kellie Martin', 'A Goofy Movie');
INSERT INTO public.voice_actor VALUES ('Ruby', 'Cathy Moriarty', 'Lady and the Tramp II: Scamp''s Adventure');
INSERT INTO public.voice_actor VALUES ('Rufus', 'John McIntire', 'The Rescuers');
INSERT INTO public.voice_actor VALUES ('Runt of the Litter', 'Steve Zahn', 'Chicken Little');
INSERT INTO public.voice_actor VALUES ('Rusty the Dog', 'G.W. Bailey', 'Home on the Range');
INSERT INTO public.voice_actor VALUES ('Rutt and Tuke', 'Rick Moranis; Dave Thomas', 'Brother Bear');
INSERT INTO public.voice_actor VALUES ('Sa''luk', 'Jerry Orbach', 'Aladdin and the King of Thieves');
INSERT INTO public.voice_actor VALUES ('Sadira', 'Kellie Martin', 'Aladdin');
INSERT INTO public.voice_actor VALUES ('Sam Flynn', 'Garrett John Hedlund', 'Tron: Legacy');
INSERT INTO public.voice_actor VALUES ('Sam the Sheriff', 'Richard Riehle', 'Home on the Range');
INSERT INTO public.voice_actor VALUES ('Sarabi', 'Madge Sinclair', 'The Lion King');
INSERT INTO public.voice_actor VALUES ('Sarafina', 'Zoe Leader', 'The Lion King');
INSERT INTO public.voice_actor VALUES ('Sarah Hawkins', 'Laurie Metcalf', 'Treasure Planet');
INSERT INTO public.voice_actor VALUES ('Sarousch', 'Michael McKean', 'The Hunchback of Notre Dame II');
INSERT INTO public.voice_actor VALUES ('Scamp', 'Scott Wolf', 'Lady and the Tramp II: Scamp''s Adventure');
INSERT INTO public.voice_actor VALUES ('Scar', 'Jeremy Irons', 'The Lion King');
INSERT INTO public.voice_actor VALUES ('Scat Cat', 'Scatman Crothers', 'The Aristocats');
INSERT INTO public.voice_actor VALUES ('Scratchy', 'None', 'Lady and the Tramp II: Scamp''s Adventure');
INSERT INTO public.voice_actor VALUES ('Scrooge McDuck', 'Alan Young', 'DuckTales');
INSERT INTO public.voice_actor VALUES ('Scroop', 'Michael Wincott', 'Treasure Planet');
INSERT INTO public.voice_actor VALUES ('Scuttle', 'Buddy Hackett', 'The Little Mermaid');
INSERT INTO public.voice_actor VALUES ('Sebastian', 'Samuel E. Wright', 'The Little Mermaid');
INSERT INTO public.voice_actor VALUES ('Secretary Bird', 'Lennie Weinrib', 'Bedknobs and Broomsticks');
INSERT INTO public.voice_actor VALUES ('Sergeant Calhoun', 'Jane Lynch', 'Wreck-It Ralph');
INSERT INTO public.voice_actor VALUES ('Sgt. Tibbs', 'David Frankham', '101 Dalmatians');
INSERT INTO public.voice_actor VALUES ('Shan Yu', 'Miguel Ferrer', 'Mulan');
INSERT INTO public.voice_actor VALUES ('Shanti (The Girl)', 'Darleen Carr', 'The Jungle Book');
INSERT INTO public.voice_actor VALUES ('Sha-ron', 'Mary Gibbs', 'Mulan 2');
INSERT INTO public.voice_actor VALUES ('Shenzi', 'Whoopi Goldberg', 'The Lion King');
INSERT INTO public.voice_actor VALUES ('Shere Khan', 'George Sanders', 'The Jungle Book');
INSERT INTO public.voice_actor VALUES ('Sheriff of Nottingham', 'Pat Buttram', 'Robin Hood');
INSERT INTO public.voice_actor VALUES ('Shun Gon the Chinese Cat', 'Paul Winchell', 'The Aristocats');
INSERT INTO public.voice_actor VALUES ('Si & Am', 'Peggy Lee', 'Lady and the Tramp');
INSERT INTO public.voice_actor VALUES ('Silvermist', 'Lucy Liu', 'Disney Fairies');
INSERT INTO public.voice_actor VALUES ('Simba', 'Jonathan Taylor Thomas', 'The Lion King');
INSERT INTO public.voice_actor VALUES ('Simba', 'Matthew Broderick', 'The Lion King');
INSERT INTO public.voice_actor VALUES ('Sir Ector', 'Sebastian Cabot', 'The Sword in the Stone');
INSERT INTO public.voice_actor VALUES ('Sir Giles', 'Claud Allister', 'The Reluctant Dragon');
INSERT INTO public.voice_actor VALUES ('Sir Hiss', 'Terry-Thomas', 'Robin Hood');
INSERT INTO public.voice_actor VALUES ('Sir Kay', 'Norman Alden', 'The Sword in the Stone');
INSERT INTO public.voice_actor VALUES ('Sir Pellinore', 'Alan Napier', 'The Sword in the Stone');
INSERT INTO public.voice_actor VALUES ('Sis Bunny', 'Dana Laurita', 'Robin Hood');
INSERT INTO public.voice_actor VALUES ('Sitka', 'D. B. Sweeney', 'Brother Bear');
INSERT INTO public.voice_actor VALUES ('Skippy Bunny', 'Billy Whittaker', 'Robin Hood');
INSERT INTO public.voice_actor VALUES ('Sleepy', 'Pinto Colvig', 'Snow White and the Seven Dwarfs');
INSERT INTO public.voice_actor VALUES ('Slightly', 'Stuffy Singer', 'Peter Pan');
INSERT INTO public.voice_actor VALUES ('Smarty the Weasel', 'David Lander', 'Who Framed Roger Rabbit');
INSERT INTO public.voice_actor VALUES ('Smolder the Bear', 'Jim Cummings', 'Timon and Pumbaa');
INSERT INTO public.voice_actor VALUES ('Sneezy', 'Billy Gilbert', 'Snow White and the Seven Dwarfs');
INSERT INTO public.voice_actor VALUES ('Snow White', 'Adriana Caselotti', 'Snow White and the Seven Dwarfs');
INSERT INTO public.voice_actor VALUES ('Snowanna Rainbeau', 'None', 'Wreck-It Ralph');
INSERT INTO public.voice_actor VALUES ('Princess Sofia', 'Ariel Winter', 'Sofia the First');
INSERT INTO public.voice_actor VALUES ('Sour Bill', 'Rich Moore', 'Wreck-It Ralph');
INSERT INTO public.voice_actor VALUES ('Sparky', 'Mickey Rooney', 'Lady and the Tramp II: Scamp''s Adventure');
INSERT INTO public.voice_actor VALUES ('Speedy the Snail', 'Corey Burton', 'Timon and Pumbaa');
INSERT INTO public.voice_actor VALUES ('Spot', 'Tara Strong', '101 Dalmatians: The Series');
INSERT INTO public.voice_actor VALUES ('Spring Sprite', 'Helena Bonham Carter', 'Fantasia 2000');
INSERT INTO public.voice_actor VALUES ('Squeaks the Caterpillar', 'None', 'The Fox and the Hound');
INSERT INTO public.voice_actor VALUES ('Stabbington Brothers', 'Ron Perlman', 'Tangled');
INSERT INTO public.voice_actor VALUES ('Steelbeak', 'Rob Paulsen', 'Darkwing Duck');
INSERT INTO public.voice_actor VALUES ('Stitch', 'Chris Sanders', 'Lilo & Stitch');
INSERT INTO public.voice_actor VALUES ('Stromboli', 'Charles Judels', 'Pinocchio');
INSERT INTO public.voice_actor VALUES ('Stu Hopps', 'Don Lake', 'Zootopia');
INSERT INTO public.voice_actor VALUES ('Stupid the Weasel', 'Fred Newman', 'Who Framed Roger Rabbit');
INSERT INTO public.voice_actor VALUES ('The Sultan', 'Douglas Seale', 'Aladdin');
INSERT INTO public.voice_actor VALUES ('Sultan the Footstool', 'Frank Welker', 'Beauty and the Beast');
INSERT INTO public.voice_actor VALUES ('Suri', 'Hayden Panettiere', 'Dinosaur');
INSERT INTO public.voice_actor VALUES ('Sven', 'None', 'Frozen');
INSERT INTO public.voice_actor VALUES ('Swizzle "The Swizz" Malarkey', 'None', 'Wreck-It Ralph');
INSERT INTO public.voice_actor VALUES ('Sykes', 'Robert Loggia', 'Oliver & Company');
INSERT INTO public.voice_actor VALUES ('Sylvia Marpole', 'Bebe Neuwirth', 'An Extremely Goofy Movie');
INSERT INTO public.voice_actor VALUES ('Tadashi Hamada', 'Daniel Henney', 'Big Hero 6');
INSERT INTO public.voice_actor VALUES ('Taffyta Muttonfudge', 'Mindy Kaling', 'Wreck-It Ralph');
INSERT INTO public.voice_actor VALUES ('Tagalong Bunny', 'Dori Whittaker', 'Robin Hood');
INSERT INTO public.voice_actor VALUES ('Tamatoa', 'Jemaine Clement', 'Moana');
INSERT INTO public.voice_actor VALUES ('Tanana', 'Joan Copeland', 'Brother Bear');
INSERT INTO public.voice_actor VALUES ('Tank', 'Brad Garrett', 'An Extremely Goofy Movie');
INSERT INTO public.voice_actor VALUES ('Tank Muddlefoot', 'Dana Hill', 'Darkwing Duck');
INSERT INTO public.voice_actor VALUES ('Tantor', 'Wayne Knight', 'Tarzan');
INSERT INTO public.voice_actor VALUES ('Taran', 'Grant Bardsley', 'The Black Cauldron');
INSERT INTO public.voice_actor VALUES ('Tarzan', 'Tony Goldwyn', 'Tarzan');
INSERT INTO public.voice_actor VALUES ('Tarzan', 'Alex D. Linz', 'Tarzan');
INSERT INTO public.voice_actor VALUES ('Taurus Bulba', 'Tim Curry', 'Darkwing Duck');
INSERT INTO public.voice_actor VALUES ('Ted Betterhead', 'Diedrich Bader', 'The Country Bears');
INSERT INTO public.voice_actor VALUES ('Terence', 'Jesse McCartney', 'Disney Fairies');
INSERT INTO public.voice_actor VALUES ('Terk', 'Rosie O''Donnell', 'Tarzan');
INSERT INTO public.voice_actor VALUES ('Terpsichore', 'LaChanze', 'Hercules');
INSERT INTO public.voice_actor VALUES ('Thalia', 'Roz Ryan', 'Hercules');
INSERT INTO public.voice_actor VALUES ('Thomas', 'Christian Bale', 'Pocahontas');
INSERT INTO public.voice_actor VALUES ('Thomas O''Malley', 'Phil Harris', 'The Aristocats');
INSERT INTO public.voice_actor VALUES ('Thug', 'Randy Savage', 'Bolt');
INSERT INTO public.voice_actor VALUES ('Thumper', 'Peter Behn; Sam Edwards', 'Bambi');
INSERT INTO public.voice_actor VALUES ('Thumper''s Mother', 'Margaret Lee', 'Bambi');
INSERT INTO public.voice_actor VALUES ('Tiana', 'Anika Noni Rose', 'The Princess and the Frog');
INSERT INTO public.voice_actor VALUES ('Tiger Lily', 'Cree Summer', 'Peter Pan');
INSERT INTO public.voice_actor VALUES ('Tigger', 'Paul Winchell', 'Winnie the Pooh and the Blustery Day');
INSERT INTO public.voice_actor VALUES ('Tillie Tiger', 'Alyce Ardell', 'Silly Symphonies');
INSERT INTO public.voice_actor VALUES ('Timon', 'Nathan Lane', 'The Lion King');
INSERT INTO public.voice_actor VALUES ('Timon''s Mother', 'Julie Kavner', 'The Lion King 1½');
INSERT INTO public.voice_actor VALUES ('Timothy Q. Mouse', 'Edward Brophy', 'Dumbo');
INSERT INTO public.voice_actor VALUES ('Tina', 'Catherine O''Hara', 'Chicken Little');
INSERT INTO public.voice_actor VALUES ('Tinker Bell', 'Mae Whitman', 'Peter Pan');
INSERT INTO public.voice_actor VALUES ('Tino Tonitini', 'Jason Marsden', 'The Weekenders');
INSERT INTO public.voice_actor VALUES ('Tiny', 'Joe Mateo', 'Meet the Robinsons');
INSERT INTO public.voice_actor VALUES ('Tip', 'Max Casella', 'The Little Mermaid II: Return to the Sea');
INSERT INTO public.voice_actor VALUES ('Tipo', 'Eli Russell Linnetz', 'The Emperor''s New Groove');
INSERT INTO public.voice_actor VALUES ('Tito', 'Cheech Marin', 'Oliver & Company');
INSERT INTO public.voice_actor VALUES ('Tobias the Reluctant Dragon', 'Barnett Parker', 'The Reluctant Dragon');
INSERT INTO public.voice_actor VALUES ('Toby the Dog', 'Frank Welker', 'The Great Mouse Detective');
INSERT INTO public.voice_actor VALUES ('Toby Tortoise', 'Eddie Holden', 'The Tortoise and the Hare');
INSERT INTO public.voice_actor VALUES ('Toby Turtle', 'Richie Sanders', 'Robin Hood');
INSERT INTO public.voice_actor VALUES ('Tod', 'Keith Coogan; Mickey Rooney', 'The Fox and the Hound');
INSERT INTO public.voice_actor VALUES ('Tootles', 'None', 'Peter Pan');
INSERT INTO public.voice_actor VALUES ('Toots', 'Frank Welker', 'Bonkers');
INSERT INTO public.voice_actor VALUES ('Toulouse', 'Gary Dubin', 'The Aristocats');
INSERT INTO public.voice_actor VALUES ('Tramp', 'Larry Roberts', 'Lady and the Tramp');
INSERT INTO public.voice_actor VALUES ('Trigger the Vulture', 'George Lindsey', 'Robin Hood');
INSERT INTO public.voice_actor VALUES ('Trusty', 'Bill Baucom', 'Lady and the Tramp');
INSERT INTO public.voice_actor VALUES ('Tug', 'Michael Clarke Duncan', 'Brother Bear');
INSERT INTO public.voice_actor VALUES ('Tui Waialiki', 'Temuera Morrison', 'Moana');
INSERT INTO public.voice_actor VALUES ('Turkey Lurkey', 'Don Knotts', 'Chicken Little');
INSERT INTO public.voice_actor VALUES ('Tuskernini', 'Kenneth Mars', 'Darkwing Duck');
INSERT INTO public.voice_actor VALUES ('Tweedledum and Tweedledee', 'J. Pat O''Malley', 'Alice in Wonderland');
INSERT INTO public.voice_actor VALUES ('Two Fingers', 'Paul Briggs', 'The Princess and the Frog');
INSERT INTO public.voice_actor VALUES ('Uncle Art', 'Adam West', 'Meet the Robinsons');
INSERT INTO public.voice_actor VALUES ('Uncle Max', 'Jerry Stiller', 'The Lion King 1½');
INSERT INTO public.voice_actor VALUES ('Uncle Waldo', 'Bill Thompson', 'The Aristocats');
INSERT INTO public.voice_actor VALUES ('Url', 'None', 'Dinosaur');
INSERT INTO public.voice_actor VALUES ('Ursula', 'Pat Carroll', 'The Little Mermaid');
INSERT INTO public.voice_actor VALUES ('Vanellope von Schweetz', 'Sarah Silverman', 'Wreck-It Ralph');
INSERT INTO public.voice_actor VALUES ('Vanessa (The Little Mermaid)', 'Pat Carroll; Jodi Benson', 'The Little Mermaid');
INSERT INTO public.voice_actor VALUES ('Veteran Cat', 'Diedrich Bader', 'Bolt');
INSERT INTO public.voice_actor VALUES ('Victor', 'Charles Kimbrough', 'The Hunchback of Notre Dame');
INSERT INTO public.voice_actor VALUES ('Vidia', 'Pamela Adlon', 'Disney Fairies');
INSERT INTO public.voice_actor VALUES ('Vincenzo "Vinny" Santorini', 'Don Novello', 'Atlantis: The Lost Empire');
INSERT INTO public.voice_actor VALUES ('Vitani', 'Lacey Chabert; Jennifer Lien', 'The Lion King II: Simba''s Pride');
INSERT INTO public.voice_actor VALUES ('Vixey', 'Sandy Duncan', 'The Fox and the Hound');
INSERT INTO public.voice_actor VALUES ('Vladimir Goudenov Grizzlikof', 'Ron Feinberg', 'Darkwing Duck');
INSERT INTO public.voice_actor VALUES ('Vulture Police', 'Townsend Coleman; Brian Cummings', 'Timon and Pumbaa');
INSERT INTO public.voice_actor VALUES ('Waffles', 'Frank Welker', 'Goof Troop');
INSERT INTO public.voice_actor VALUES ('The Walrus', 'J. Pat O''Malley', 'Alice in Wonderland');
INSERT INTO public.voice_actor VALUES ('Webby Vanderquack', 'Russi Taylor', 'DuckTales');
INSERT INTO public.voice_actor VALUES ('Webster', 'Jim Cummings', 'Belle''s Magical World');
INSERT INTO public.voice_actor VALUES ('Wendy Darling', 'Kathryn Beaumont', 'Peter Pan');
INSERT INTO public.voice_actor VALUES ('Wesley', 'Steve Buscemi', 'Home on the Range');
INSERT INTO public.voice_actor VALUES ('Wheezy the Weasel', 'June Foray', 'Who Framed Roger Rabbit');
INSERT INTO public.voice_actor VALUES ('White Rabbit', 'Bill Thompson', 'Alice in Wonderland');
INSERT INTO public.voice_actor VALUES ('Widow Tweed', 'Jeanette Nolan', 'The Fox and the Hound');
INSERT INTO public.voice_actor VALUES ('Wiggins', 'David Ogden Stiers', 'Pocahontas');
INSERT INTO public.voice_actor VALUES ('Wilbur', 'John Candy', 'The Rescuers Down Under');
INSERT INTO public.voice_actor VALUES ('Wilbur Robinson', 'Wesley Singerman', 'Meet the Robinsons');
INSERT INTO public.voice_actor VALUES ('Wilhelmina Packard', 'Florence Stanley', 'Atlantis: The Lost Empire');
INSERT INTO public.voice_actor VALUES ('Willie the Giant', 'Billy Gilbert', 'Fun and Fancy Free');
INSERT INTO public.voice_actor VALUES ('Winifred the Elephant', 'Verna Felton', 'The Jungle Book');
INSERT INTO public.voice_actor VALUES ('Winkie the Barman', 'Oliver Wallace', 'The Adventures of Ichabod and Mr. Toad');
INSERT INTO public.voice_actor VALUES ('Winnie the Pooh', 'Sterling Holloway', 'Winnie the Pooh and the Honey Tree');
INSERT INTO public.voice_actor VALUES ('Winston', 'William Glover', 'Oliver & Company');
INSERT INTO public.voice_actor VALUES ('Witherspoon', 'None', 'Belle''s Magical World');
INSERT INTO public.voice_actor VALUES ('Woolter the Ram', 'John DiMaggio', 'Zootopia');
INSERT INTO public.voice_actor VALUES ('Wormwood the Raven', 'Jim Cummings', 'Sofia the First');
INSERT INTO public.voice_actor VALUES ('Wreck-It Ralph', 'John C. Reilly', 'Wreck-It Ralph');
INSERT INTO public.voice_actor VALUES ('Wynchel', 'Adam Carolla', 'Wreck-It Ralph');
INSERT INTO public.voice_actor VALUES ('Xerxes', 'Frank Welker', 'Aladdin (TV series)');
INSERT INTO public.voice_actor VALUES ('Yao', 'Harvey Fierstein', 'Mulan');
INSERT INTO public.voice_actor VALUES ('Yar', 'Ossie Davis', 'Dinosaur');
INSERT INTO public.voice_actor VALUES ('Yax', 'Tommy Chong', 'Zootopia');
INSERT INTO public.voice_actor VALUES ('Yen Sid', 'Corey Burton', 'Fantasia');
INSERT INTO public.voice_actor VALUES ('Yo-Yo', 'None', 'Fantasia 2000');
INSERT INTO public.voice_actor VALUES ('Yzma', 'Eartha Kitt', 'The Emperor''s New Groove');
INSERT INTO public.voice_actor VALUES ('Zarina', 'Christina Hendricks', 'The Pirate Fairy');
INSERT INTO public.voice_actor VALUES ('Zazu', 'Rowan Atkinson', 'The Lion King');
INSERT INTO public.voice_actor VALUES ('Zephyr', 'Haley Joel Osment', 'The Hunchback of Notre Dame II');
INSERT INTO public.voice_actor VALUES ('Zeus', 'Rip Torn', 'Hercules');
INSERT INTO public.voice_actor VALUES ('Ziggy the Vulture', 'Digby Wolfe', 'The Jungle Book');
INSERT INTO public.voice_actor VALUES ('Zini', 'Max Casella', 'Dinosaur');
INSERT INTO public.voice_actor VALUES ('Zipper', 'Corey Burton', 'Chip ''n Dale Rescue Rangers');
INSERT INTO public.voice_actor VALUES ('Zira', 'Suzanne Pleshette', 'The Lion King II: Simba''s Pride');


--
-- TOC entry 3082 (class 0 OID 0)
-- Dependencies: 196
-- Name: TABLE director; Type: ACL; Schema: public; Owner: postgres
--

GRANT ALL ON TABLE public.director TO alpha;


--
-- TOC entry 3083 (class 0 OID 0)
-- Dependencies: 197
-- Name: TABLE disney_char; Type: ACL; Schema: public; Owner: postgres
--

GRANT ALL ON TABLE public.disney_char TO alpha;


--
-- TOC entry 3084 (class 0 OID 0)
-- Dependencies: 198
-- Name: TABLE movie_gross; Type: ACL; Schema: public; Owner: postgres
--

GRANT ALL ON TABLE public.movie_gross TO alpha;


--
-- TOC entry 3085 (class 0 OID 0)
-- Dependencies: 199
-- Name: TABLE revenue; Type: ACL; Schema: public; Owner: postgres
--

GRANT ALL ON TABLE public.revenue TO alpha;


--
-- TOC entry 3086 (class 0 OID 0)
-- Dependencies: 200
-- Name: TABLE voice_actor; Type: ACL; Schema: public; Owner: postgres
--

GRANT ALL ON TABLE public.voice_actor TO alpha;


-- Completed on 2019-05-25 19:32:36 +07

--
-- PostgreSQL database dump complete
--

